time,symbol,lot,price,realized_pnl,comment
2025-08-17 15:53:31,,0.0,0.0,500.0,D-trial-USD-09ec6e7f200a
2025-08-18 19:03:31,BTCUSDm,0.01,116675.09000000001,0.0,
2025-08-25 08:34:01,XAUUSDm,0.01,3364.817,0.0,
2025-08-25 08:34:19,BTCUSDm,0.01,111544.54000000001,-51.3,
2025-08-25 08:35:21,XAUUSDm,0.1,3364.435,0.0,
2025-08-25 16:20:11,XAUUSDm,0.1,3373.328,0.0,
2025-08-27 08:25:11,XAUUSDm,0.1,3384.596,112.68,
2025-08-27 08:25:16,XAUUSDm,0.01,3384.241,19.42,
2025-08-27 08:25:19,XAUUSDm,0.1,3384.251,198.16,
2025-08-27 08:25:36,XAUUSDm,0.5,3384.322,0.0,
2025-08-28 08:37:54,XAUUSDm,0.5,3399.917,-779.75,[so -0.93%/-0.79/84.61]
2025-08-28 08:37:55,,0.0,0.0,0.79,D-NULL
2025-08-29 13:03:35,,0.0,0.0,500.0,D-trial-USD-f984e6d9200e
2025-08-29 13:03:58,XAUUSDm,0.01,3417.893,0.0,
2025-08-31 08:46:45,BTCUSDm,0.01,108990.28000000001,0.0,
2025-09-04 16:39:13,BTCUSDm,1.01,109437.23,0.0,
2025-09-04 16:40:08,,0.0,0.0,9999999500.0,D-trial-USD-a76fac282d49
2025-09-06 13:15:40,BTCUSDm,1.01,110905.54000000001,-1483.0,
2025-09-06 13:15:45,BTCUSDm,0.01,110883.82,18.94,
2025-09-08 15:39:21,,0.0,0.0,-9999998035.94,W-trial-USD-83b0e872dc83
2025-09-08 15:39:50,XAUUSDm,0.01,3634.244,216.35,
2025-09-08 15:42:34,BTCUSDm,0.01,112617.91,0.0,
2025-09-10 11:50:05,XAUUSDm,0.1,3650.098,0.0,
2025-09-12 18:10:19,AAPLm,0.01,233.43,0.0,
2025-09-16 10:17:07,XAUUSDm,0.1,3696.66,465.62,
2025-09-16 17:46:29,AAPLm,0.01,238.28,4.85,
2025-09-22 10:27:29,BTCUSDm,0.01,112662.49,-0.44,
2025-09-22 10:36:19,XAUUSDm,0.1,3724.631,0.0,
2025-09-22 12:24:22,XAUUSDm,0.1,3714.631,100.0,[tp 3714.63100]
2025-09-22 12:36:03,XAUUSDm,0.1,3718.422,0.0,
2025-09-22 12:36:36,XAUUSDm,0.1,3717.94,4.82,[tp 3717.94000]
2025-09-22 12:41:11,XAUUSDm,0.1,3715.9610000000002,0.0,
2025-09-22 12:46:48,BTCUSDm,0.1,112678.25,0.0,
2025-09-24 08:41:49,XAUUSDm,0.1,3769.6420000000003,0.0,
2025-09-26 15:26:54,XAUUSDm,0.1,3777.0589999999997,-74.17,
2025-09-26 15:26:54,XAUUSDm,0.1,3777.0589999999997,-610.98,
2025-09-26 15:26:54,BTCUSDm,0.1,109287.89,-339.04,
2025-09-26 15:27:03,XAUUSDm,0.1,3777.085,0.0,
2025-09-27 09:06:56,BTCUSDm,0.1,109260.96,0.0,
2025-09-29 07:56:33,BTCUSDm,0.1,111863.85,260.29,
2025-09-29 08:02:34,,0.0,0.0,472.7,D-trial-USD-2f34f34772e6
2025-09-29 08:02:49,XAUUSDm,0.1,3810.892,-338.07,
2025-09-29 08:02:58,,0.0,0.0,338.07,D-trial-USD-bf30135383c1
2025-09-29 08:03:07,,0.0,0.0,99000.0,D-trial-USD-b4f035d2236a
2025-09-29 08:03:13,,0.0,0.0,-99900.0,W-trial-USD-1fe5da82fe6f
2025-09-29 08:03:17,,0.0,0.0,900.0,D-trial-USD-fd6d14cd4f63
2025-09-29 08:03:52,BTCUSDm,0.1,112115.13,0.0,
2025-09-29 08:05:38,XAUUSDm,0.1,3810.369,0.0,
2025-09-29 08:54:05,XAUUSDm,0.1,3819.243,0.0,
2025-09-29 11:07:37,BTCUSDm,0.1,112047.6,6.75,
2025-09-29 11:07:46,BTCUSDm,0.1,112050.87,0.0,
2025-09-29 11:17:40,XAUUSDm,0.1,3822.435,31.92,
2025-09-29 11:57:45,XAUUSDm,1.0,3831.006,0.0,
2025-09-29 11:57:59,XAUUSDm,0.1,3831.52,-211.51,
2025-09-29 12:07:37,XAUUSDm,1.0,3825.5640000000003,0.0,
2025-09-29 12:07:48,XAUUSDm,1.0,3825.233,0.0,
2025-09-29 12:08:05,XAUUSDm,1.0,3824.6820000000002,-632.4,
2025-09-29 12:08:15,XAUUSDm,1.0,3825.016,21.7,
2025-09-29 12:08:18,XAUUSDm,1.0,3825.199,36.5,
2025-09-29 12:08:27,XAUUSDm,1.0,3825.359,0.0,
2025-09-29 12:14:23,XAUUSDm,1.0,3823.321,203.8,
2025-09-29 12:14:27,BTCUSDm,0.1,112176.96,12.61,
2025-09-29 12:14:36,XAUUSDm,0.1,3823.463,0.0,
2025-09-29 12:21:11,XAUUSDm,1.0,3822.218,0.0,
2025-09-29 12:21:17,XAUUSDm,0.1,3821.384,20.79,
2025-09-29 12:27:45,XAUUSDm,1.0,3817.311,-490.7,[so -0.28%/-0.54/191.11]
2025-09-29 12:27:46,,0.0,0.0,0.54,D-NULL
2025-09-29 15:08:23,,0.0,0.0,1000.0,D-trial-USD-138d533b78d7
2025-09-29 15:09:46,XAUUSDm,1.0,3826.573,0.0,
2025-09-29 15:11:47,XAUUSDm,1.0,3825.799,0.0,
2025-09-29 15:17:47,XAUUSDm,1.0,3823.355,0.0,
2025-09-29 15:24:06,XAUUSDm,1.0,3828.16,236.1,
2025-09-29 15:24:18,XAUUSDm,1.0,3828.14,156.7,
2025-09-29 15:25:33,XAUUSDm,1.0,3829.371,0.0,
2025-09-29 15:54:03,XAUUSDm,1.0,3833.338,-998.3,[so -0.57%/-2.20/382.64]
2025-09-29 15:54:03,XAUUSDm,1.0,3833.338,-396.7,[so -1.15%/-2.20/191.47]
2025-09-29 15:54:04,,0.0,0.0,2.2,D-NULL
2025-09-29 19:07:29,,0.0,0.0,1000.0,D-trial-USD-64580bcdfb52
2025-09-29 19:08:02,XAUUSDm,1.0,3824.506,0.0,
2025-09-29 19:44:00,XAUUSDm,1.0,3829.0,449.4,[tp 3829.00000]
2025-09-29 19:44:06,XAUUSDm,1.0,3829.493,0.0,
2025-09-29 20:54:54,XAUUSDm,1.0,3833.082,358.9,
2025-09-29 20:55:50,XAUUSDm,0.1,3833.677,0.0,
2025-09-30 08:59:47,XAUUSDm,0.1,3816.616,0.0,
2025-09-30 09:00:13,XAUUSDm,0.1,3820.099,34.83,[tp 3820.09900]
2025-09-30 09:00:23,XAUUSDm,0.1,3821.343,0.0,
2025-09-30 09:02:02,XAUUSDm,0.1,3819.137,0.0,
2025-09-30 09:06:42,XAUUSDm,0.1,3817.0,21.37,[tp 3817.00000]
2025-09-30 14:10:28,XAUUSDm,0.1,3840.0,63.23,[tp 3840.00000]
2025-09-30 16:18:29,XAUUSDm,0.1,3842.866,215.23,
2025-09-30 16:45:00,XAUUSDm,1.0,3845.734,0.0,
2025-09-30 16:47:53,XAUUSDm,1.0,3846.321,58.7,
2025-09-30 16:47:59,XAUUSDm,1.0,3846.3050000000003,0.0,
2025-09-30 16:48:20,XAUUSDm,1.0,3847.058,0.0,
2025-09-30 16:48:25,XAUUSDm,1.0,3847.136,-83.1,
2025-09-30 17:04:57,XAUUSDm,1.0,3845.403,0.0,
2025-09-30 17:09:55,XAUUSDm,1.0,3846.0,59.7,[tp 3846.00000]
2025-09-30 18:10:26,XAUUSDm,1.0,3840.132,0.0,
2025-09-30 19:02:10,XAUUSDm,1.0,3850.0,294.2,[tp 3850.00000]
2025-09-30 19:13:59,XAUUSDm,1.0,3850.2960000000003,0.0,
2025-09-30 19:26:12,XAUUSDm,1.0,3854.065,0.0,
2025-09-30 19:26:28,XAUUSDm,1.0,3853.9919999999997,-369.6,
2025-09-30 19:26:38,XAUUSDm,1.0,3853.612,-1348.0,
2025-10-01 09:06:12,XAUUSDm,1.0,3893.877,0.0,
2025-10-01 09:06:18,XAUUSDm,1.0,3893.888,3982.3,
2025-10-01 09:08:39,XAUUSDm,1.0,3892.628,0.0,
2025-10-01 09:09:40,XAUUSDm,1.0,3894.0,12.3,[tp 3894.00000]
2025-10-01 09:09:47,XAUUSDm,1.0,3893.56,0.0,
2025-10-01 09:09:52,XAUUSDm,1.0,3893.753,-112.5,
2025-10-01 09:10:53,XAUUSDm,1.0,3893.5,-6.0,[tp 3893.50000]
2025-10-01 09:11:03,XAUUSDm,1.0,3893.486,0.0,
2025-10-01 09:14:01,XAUUSDm,1.0,3894.0,-51.4,[tp 3894.00000]
2025-10-01 09:42:38,XAUUSDm,1.0,3890.672,0.0,
2025-10-01 13:06:03,XAUUSDm,1.0,3867.954,-2271.8,
2025-10-01 13:09:23,XAUUSDm,1.0,3871.714,0.0,
2025-10-01 15:04:45,ETHUSDm,1.0,4332.21,0.0,
2025-10-01 19:06:28,ETHUSDm,1.0,4315.45,16.76,
2025-10-01 21:17:20,BTCUSDm,1.0,117592.76000000001,0.0,
2025-10-02 00:01:14,BTCUSDm,1.0,118882.16,-1289.4,[so -0.28%/-1.38/487.57]
2025-10-02 00:01:14,XAUUSDm,1.0,3861.349,-1036.5,[so -0.71%/-1.38/193.59]
2025-10-02 00:01:14,,0.0,0.0,1.38,D-NULL
2025-10-02 12:46:45,,0.0,0.0,1000.0,D-trial-USD-dff4037ccbed
2025-10-02 12:48:23,XAUUSDm,1.0,3883.2329999999997,0.0,
2025-10-02 14:00:24,XAUUSDm,1.0,3872.936,-1029.7,[so -0.36%/-0.70/194.16]
2025-10-02 14:00:25,,0.0,0.0,29.7,D-NULL
2025-10-02 16:12:57,,0.0,0.0,1000.0,D-trial-USD-a10207460713
2025-10-02 16:15:24,,0.0,0.0,-500.0,W-trial-USD-5ad891f4e16f
2025-10-02 16:17:04,XAUUSDm,0.01,3840.944,0.0,
2025-10-02 16:28:48,XAUUSDm,0.01,3836.5879999999997,0.0,
2025-10-02 16:28:52,XAUUSDm,0.01,3836.837,4.1,
2025-10-02 16:48:35,XAUUSDm,0.01,3841.494,4.9,
2025-10-02 16:48:51,XAUUSDm,0.01,3842.665,0.0,
2025-10-02 16:50:58,XAUUSDm,0.01,3841.0,1.67,[tp 3841.00000]
2025-10-02 17:00:58,XAUUSDm,0.01,3844.7019999999998,0.0,
2025-10-02 17:01:08,XAUUSDm,0.01,3845.534,0.83,
2025-10-02 17:01:12,XAUUSDm,0.01,3845.641,0.0,
2025-10-02 19:39:07,XAUUSDm,0.01,3856.723,11.08,
2025-10-03 10:11:02,XAUUSDm,0.01,3864.868,0.0,
2025-10-03 11:50:40,XAUUSDm,0.01,3862.576,-2.29,
2025-10-03 11:50:51,XAUUSDm,0.1,3862.6929999999998,0.0,
2025-10-03 14:39:53,XAUUSDm,0.1,3873.748,110.55,
2025-10-03 19:20:58,XAUUSDm,0.1,3886.863,0.0,
2025-10-03 20:32:12,BTCUSDm,0.1,122434.98,0.0,
2025-10-04 10:01:25,BTCUSDm,0.1,122299.32,13.57,
2025-10-04 10:01:42,BTCUSDm,1.0,122341.06,0.0,
2025-10-04 10:58:45,,0.0,0.0,355.59,D-trial-USD-d9f88c7a0c61
2025-10-04 13:07:04,BTCUSDm,1.0,122441.06,100.0,[tp 122441.06000]
2025-10-04 16:18:33,BTCUSDm,0.01,121764.14,0.0,AI Trader
2025-10-04 16:18:59,BTCUSDm,0.01,121767.49,0.03,
2025-10-04 16:19:19,BTCUSDm,0.01,121807.87,0.0,AI Trader
2025-10-04 16:24:19,BTCUSDm,0.01,121731.92,0.0,AI Trader
2025-10-04 16:28:44,BTCUSDm,0.01,121738.14,0.06,
2025-10-04 16:30:24,BTCUSDm,0.01,121842.83,0.35,
2025-10-04 16:30:39,BTCUSDm,0.01,121869.75,0.0,AI Trader
2025-10-04 16:38:29,BTCUSDm,0.01,121868.91,-0.01,
2025-10-04 18:02:43,BTCUSDm,0.01,121841.40000000001,0.0,AI Trader
2025-10-04 18:09:09,BTCUSDm,0.01,121893.32,-0.52,
2025-10-04 18:10:00,BTCUSDm,0.01,121872.3,0.0,AI Trader
2025-10-04 18:11:11,BTCUSDm,0.01,121883.21,-0.11,
2025-10-04 18:12:07,BTCUSDm,0.01,121852.87,0.0,AI Trader
2025-10-04 18:13:32,BTCUSDm,0.01,121846.01000000001,0.07,
2025-10-04 18:14:14,BTCUSDm,0.01,121788.64,0.0,AI Trader
2025-10-04 18:18:11,BTCUSDm,0.01,121849.6,-0.61,
2025-10-04 18:18:28,BTCUSDm,0.01,121828.71,0.0,AI Trader
2025-10-04 18:20:22,BTCUSDm,0.1,121777.57,0.0,AI Trader
2025-10-04 18:21:03,BTCUSDm,0.1,121814.75,0.0,AI Trader
2025-10-04 18:22:53,BTCUSDm,0.1,121781.17,0.0,AI Trader
2025-10-04 18:27:58,BTCUSDm,0.1,121809.72,0.0,AI Trader
2025-10-04 19:33:58,BTCUSDm,0.01,121968.71,0.0,
2025-10-04 19:34:08,BTCUSDm,0.01,121945.74,-0.23,
2025-10-05 04:42:41,BTCUSDm,0.1,124487.64,-271.0,[so -0.77%/-2.45/319.18]
2025-10-05 04:42:41,BTCUSDm,0.1,124487.64,-270.64,[so -0.85%/-2.45/288.74]
2025-10-05 04:42:41,BTCUSDm,0.1,124487.64,-267.79,[so -0.95%/-2.45/258.29]
2025-10-05 04:42:41,BTCUSDm,0.1,124487.64,-267.28,[so -1.08%/-2.45/227.84]
2025-10-05 04:42:41,BTCUSDm,0.01,124487.64,-26.59,[so -1.24%/-2.45/197.39]
2025-10-05 08:04:12,,0.0,0.0,3004.27,D-trial-USD-3a5cd7430d71
2025-10-05 09:04:55,BTCUSDm,0.1,124680.86,0.0,AI Trader
2025-10-05 09:12:27,BTCUSDm,0.1,124585.43000000001,0.0,AI Trader
2025-10-05 09:19:19,BTCUSDm,0.1,124358.38,-22.7,
2025-10-05 09:19:22,BTCUSDm,0.1,124358.83,-32.21,
2025-10-05 09:38:35,,0.0,0.0,997054.91,D-trial-USD-3ac16ff85944
2025-10-05 09:41:49,BTCUSDm,0.1,123239.86,0.0,AI Trader
2025-10-05 09:46:52,BTCUSDm,0.1,122995.73,0.0,AI Trader
2025-10-05 09:51:58,BTCUSDm,0.1,123122.08,0.0,AI Trader
2025-10-05 09:57:01,BTCUSDm,0.1,123224.09,0.0,AI Trader
2025-10-05 10:02:04,BTCUSDm,0.1,122904.1,0.0,AI Trader
2025-10-05 10:03:49,BTCUSDm,0.1,122811.2,9.29,
2025-10-05 10:03:52,BTCUSDm,0.1,122870.31,25.18,
2025-10-05 10:03:56,BTCUSDm,0.1,122751.40000000001,47.27,
2025-10-05 10:03:59,BTCUSDm,0.1,122717.55,27.81,
2025-10-05 10:04:02,BTCUSDm,0.1,122755.91,48.4,
2025-10-05 10:07:07,BTCUSDm,0.1,122772.02,0.0,AI Trader
2025-10-05 10:12:16,BTCUSDm,0.1,122717.96,0.0,AI Trader
2025-10-05 10:17:20,BTCUSDm,0.1,122952.13,0.0,AI Trader
2025-10-05 10:22:24,BTCUSDm,0.1,123078.87,0.0,AI Trader
2025-10-05 10:27:28,BTCUSDm,0.1,123023.14,0.0,AI Trader
2025-10-05 10:32:34,BTCUSDm,0.1,122900.90000000001,0.0,AI Trader
2025-10-05 10:37:39,BTCUSDm,0.1,122822.81,0.0,AI Trader
2025-10-05 10:42:43,BTCUSDm,0.1,122850.92,0.0,AI Trader
2025-10-05 10:47:46,BTCUSDm,0.1,122934.43000000001,0.0,AI Trader
2025-10-05 10:52:50,BTCUSDm,0.1,123025.48,0.0,AI Trader
2025-10-05 10:56:21,BTCUSDm,0.1,123119.34,0.0,AI Trader
2025-10-05 10:58:14,BTCUSDm,0.1,123068.84,0.0,AI Trader
2025-10-05 11:03:17,BTCUSDm,0.1,123238.7,0.0,AI Trader
2025-10-05 11:08:20,BTCUSDm,0.1,123046.25,0.0,AI Trader
2025-10-05 11:13:24,BTCUSDm,0.1,122931.23,0.0,AI Trader
2025-10-05 11:18:28,BTCUSDm,0.1,123026.63,0.0,AI Trader
2025-10-05 11:23:35,BTCUSDm,0.1,123247.42,0.0,AI Trader
2025-10-05 11:28:38,BTCUSDm,0.1,123392.6,0.0,AI Trader
2025-10-05 11:33:41,BTCUSDm,0.1,123304.63,0.0,AI Trader
2025-10-05 11:38:45,BTCUSDm,0.1,123282.16,0.0,AI Trader
2025-10-05 11:43:49,BTCUSDm,0.1,123313.01000000001,0.0,AI Trader
2025-10-05 11:48:52,BTCUSDm,0.1,123378.98,0.0,AI Trader
2025-10-05 11:53:56,BTCUSDm,0.1,123464.98,0.0,AI Trader
2025-10-05 11:58:59,BTCUSDm,0.1,123499.78,0.0,AI Trader
2025-10-05 12:01:51,BTCUSDm,0.1,123246.91,25.29,
2025-10-05 12:01:54,BTCUSDm,0.1,123251.57,21.34,
2025-10-05 12:01:58,BTCUSDm,0.1,123254.53,12.45,
2025-10-05 12:02:04,BTCUSDm,0.1,123245.26000000001,6.77,
2025-10-05 12:02:07,BTCUSDm,0.1,123245.57,5.9,
2025-10-05 12:02:11,BTCUSDm,0.1,123243.69,14.89,
2025-10-05 12:02:15,BTCUSDm,0.1,123235.81,4.64,
2025-10-05 12:03:51,BTCUSDm,0.1,123194.68000000001,5.27,
2025-10-05 12:04:02,BTCUSDm,0.1,123198.68000000001,0.0,AI Trader
2025-10-05 12:09:07,BTCUSDm,0.1,123034.54000000001,0.0,AI Trader
2025-10-05 12:14:11,BTCUSDm,0.1,123155.67,0.0,AI Trader
2025-10-05 15:15:58,BTCUSDm,0.1,122986.79000000001,0.0,AI Trader
2025-10-05 15:17:01,BTCUSDm,0.1,123034.95,0.0,AI Trader
2025-10-05 15:18:05,BTCUSDm,0.1,123021.29000000001,0.0,AI Trader
2025-10-05 15:19:08,BTCUSDm,0.1,123018.45,0.0,AI Trader
2025-10-05 15:20:15,BTCUSDm,0.1,123027.11,0.0,AI Trader
2025-10-05 15:21:18,BTCUSDm,0.1,123009.1,0.0,AI Trader
2025-10-05 15:25:51,BTCUSDm,0.1,123005.61,0.0,AI Trader
2025-10-05 15:29:09,BTCUSDm,0.1,122917.79000000001,8.78,
2025-10-05 15:29:12,BTCUSDm,0.1,122930.08,7.9,
2025-10-05 15:29:15,BTCUSDm,0.1,122926.04000000001,10.11,
2025-10-05 15:29:19,BTCUSDm,0.1,122923.15000000001,9.53,
2025-10-05 15:29:23,BTCUSDm,0.1,122942.48,7.88,
2025-10-05 15:29:26,BTCUSDm,0.1,122949.54000000001,8.55,
2025-10-05 15:29:30,BTCUSDm,0.1,122946.87,20.88,
2025-10-05 15:29:34,BTCUSDm,0.1,122947.53,3.93,
2025-10-05 15:29:37,BTCUSDm,0.1,122948.16,25.05,
2025-10-05 15:29:40,BTCUSDm,0.1,122946.92,7.97,
2025-10-05 15:29:43,BTCUSDm,0.1,122947.35,8.71,
2025-10-05 15:29:46,BTCUSDm,0.1,122947.51000000001,9.88,
2025-10-05 15:29:50,BTCUSDm,0.1,122947.39,29.13,
2025-10-05 15:29:54,BTCUSDm,0.1,122947.39,12.14,
2025-10-05 15:30:22,BTCUSDm,0.1,122912.34,16.66,
2025-10-05 15:30:25,BTCUSDm,0.1,122903.88,11.92,
2025-10-05 15:30:28,BTCUSDm,0.1,122908.95,11.65,
2025-10-05 15:30:31,BTCUSDm,0.1,122909.07,21.02,
2025-10-05 15:30:34,BTCUSDm,0.1,122909.52,2.17,
2025-10-05 15:30:37,BTCUSDm,0.1,122903.48,3.09,
2025-10-05 15:30:40,BTCUSDm,0.1,122895.39,0.55,
2025-10-05 15:30:44,BTCUSDm,0.1,122899.67,5.24,
2025-10-05 15:31:00,BTCUSDm,0.1,122898.44,0.0,AI Trader
2025-10-05 15:32:04,BTCUSDm,0.1,122949.95,0.0,AI Trader
2025-10-05 15:33:06,BTCUSDm,0.1,122910.14,0.0,AI Trader
2025-10-05 15:34:09,BTCUSDm,0.1,122863.39,0.0,AI Trader
2025-10-05 15:35:11,BTCUSDm,0.1,122840.26000000001,0.0,AI Trader
2025-10-05 15:36:13,BTCUSDm,0.1,122828.21,0.0,AI Trader
2025-10-05 15:37:48,BTCUSDm,0.1,122801.52,2.67,
2025-10-05 15:45:28,BTCUSDm,0.1,122800.11,0.0,AI Trader
2025-10-05 15:46:31,BTCUSDm,0.1,122788.48,0.0,AI Trader
2025-10-05 15:47:33,BTCUSDm,0.1,122805.77,0.0,AI Trader
2025-10-05 15:48:36,BTCUSDm,0.1,122851.2,0.0,AI Trader
2025-10-05 15:49:39,BTCUSDm,0.1,122830.09,0.0,AI Trader
2025-10-05 15:50:42,BTCUSDm,0.1,122823.22,0.0,AI Trader
2025-10-05 15:51:45,BTCUSDm,0.1,122854.79000000001,0.0,AI Trader
2025-10-05 15:58:04,BTCUSDm,0.1,122877.1,0.0,AI Trader
2025-10-05 15:59:21,BTCUSDm,0.1,122838.17,0.0,AI Trader
2025-10-05 16:50:50,BTCUSDm,0.1,122500.0,21.8,[tp 122500.00000]
2025-10-05 16:50:50,BTCUSDm,0.1,122491.36,28.06,[tp 122491.36000]
2025-10-05 19:21:12,BTCUSDm,0.1,122775.57,4.72,
2025-10-05 19:21:15,BTCUSDm,0.1,122786.91,6.4,
2025-10-05 19:21:36,BTCUSDm,0.1,122788.98,10.94,
2025-10-05 19:21:41,BTCUSDm,0.1,122801.39,14.86,
2025-10-05 19:21:48,BTCUSDm,0.1,122797.78,11.23,
2025-10-05 19:21:52,BTCUSDm,0.1,122797.69,6.57,
2025-10-05 19:21:56,BTCUSDm,0.1,122797.67,4.26,
2025-10-05 19:21:59,BTCUSDm,0.1,122797.66,0.24,
2025-10-05 19:22:02,BTCUSDm,0.1,122799.06,0.67,
2025-10-05 19:22:05,BTCUSDm,0.1,122806.6,4.46,
2025-10-05 19:22:11,BTCUSDm,0.1,122806.37,2.37,
2025-10-05 19:22:15,BTCUSDm,0.1,122805.73,1.75,
2025-10-05 19:22:18,BTCUSDm,0.1,122822.63,3.22,
2025-10-05 19:22:21,BTCUSDm,0.1,122818.69,5.84,
2025-10-05 20:26:02,BTCUSDm,0.1,122737.13,10.11,
2025-10-05 20:26:06,BTCUSDm,0.1,122726.16,6.23,
2025-10-05 22:13:50,BTCUSDm,0.1,122959.82,0.0,AI Trader
2025-10-05 22:14:49,XAUUSDm,0.1,3890.489,36.26,
2025-10-05 22:43:52,BTCUSDm,0.1,123147.15000000001,0.0,AI Trader
2025-10-05 23:13:55,BTCUSDm,0.1,123428.87,0.0,AI Trader
2025-10-05 23:43:58,BTCUSDm,0.1,123552.56,0.0,AI Trader
2025-10-06 00:14:01,BTCUSDm,0.1,123551.54000000001,0.0,AI Trader
2025-10-06 00:23:57,BTCUSDm,0.1,124083.81,0.0,
2025-10-06 00:24:54,BTCUSDm,0.1,123981.31,-10.25,
2025-10-06 00:44:03,BTCUSDm,0.1,123672.57,0.0,AI Trader
2025-10-06 01:14:06,BTCUSDm,0.1,123531.46,0.0,AI Trader
2025-10-06 01:44:10,BTCUSDm,0.1,123860.26000000001,0.0,AI Trader
2025-10-06 02:14:13,BTCUSDm,0.1,123860.34,0.0,AI Trader
2025-10-06 05:44:25,BTCUSDm,0.1,123554.56,0.0,AI Trader
2025-10-06 06:14:27,BTCUSDm,0.1,123798.5,0.0,AI Trader
2025-10-06 06:44:31,BTCUSDm,0.1,124021.11,0.0,AI Trader
2025-10-06 07:14:34,BTCUSDm,0.1,124008.27,0.0,AI Trader
2025-10-06 07:44:36,BTCUSDm,0.1,123405.41,0.0,AI Trader
2025-10-06 08:14:40,BTCUSDm,0.1,123686.71,0.0,AI Trader
2025-10-06 08:44:42,BTCUSDm,0.1,123685.21,0.0,AI Trader
2025-10-06 09:14:45,BTCUSDm,0.1,123980.33,0.0,AI Trader
2025-10-06 09:44:48,BTCUSDm,0.1,123847.45,0.0,AI Trader
2025-10-06 10:14:50,BTCUSDm,0.1,123999.64,0.0,AI Trader
2025-10-06 10:44:53,BTCUSDm,0.1,124125.8,0.0,AI Trader
2025-10-06 10:54:26,XAUUSDm,0.1,3943.966,0.0,
2025-10-06 11:14:56,BTCUSDm,0.1,123798.73,0.0,AI Trader
2025-10-06 11:45:00,BTCUSDm,0.1,124342.23,0.0,AI Trader
2025-10-06 11:54:04,BTCUSDm,0.1,124307.96,3.42,
2025-10-06 11:54:16,XAUUSDm,0.1,3934.53,-94.36,
2025-10-06 12:15:03,BTCUSDm,0.1,124469.49,0.0,AI Trader
2025-10-06 12:45:06,BTCUSDm,0.1,124386.48,0.0,AI Trader
2025-10-06 12:54:44,BTCUSDm,0.1,124594.18000000001,0.0,
2025-10-06 13:15:09,BTCUSDm,0.1,124685.51000000001,0.0,AI Trader
2025-10-06 13:45:12,BTCUSDm,0.1,124678.51000000001,0.0,AI Trader
2025-10-06 13:45:57,BTCUSDm,0.1,124589.13,9.64,
2025-10-06 13:46:11,BTCUSDm,0.1,124516.86,16.16,
2025-10-06 13:46:14,BTCUSDm,0.1,124507.79000000001,-8.64,
2025-10-06 13:52:59,XAUUSDm,0.1,3946.13,0.0,
2025-10-06 14:15:15,BTCUSDm,0.1,125098.2,0.0,AI Trader
2025-10-06 14:39:31,XAUUSDm,0.1,3953.882,77.52,
2025-10-06 14:39:48,XAUUSDm,0.1,3955.042,0.0,
2025-10-06 14:40:46,BTCUSDm,0.1,124807.68000000001,29.05,
2025-10-06 14:45:17,BTCUSDm,0.1,124792.6,0.0,AI Trader
2025-10-06 14:51:32,BTCUSDm,0.1,124762.17,3.04,AI Trader
2025-10-06 14:51:39,BTCUSDm,0.1,124755.26000000001,-179.55,AI Trader
2025-10-06 14:51:39,BTCUSDm,0.1,124755.26000000001,-160.81,AI Trader
2025-10-06 14:51:39,BTCUSDm,0.1,124755.26000000001,-132.64,AI Trader
2025-10-06 14:51:39,BTCUSDm,0.1,124755.26000000001,-120.27,AI Trader
2025-10-06 14:51:39,BTCUSDm,0.1,124755.26000000001,-120.38,AI Trader
2025-10-06 14:51:39,BTCUSDm,0.1,124755.26000000001,-108.27,AI Trader
2025-10-06 14:51:39,BTCUSDm,0.1,124755.26000000001,-122.38,AI Trader
2025-10-06 14:51:39,BTCUSDm,0.1,124755.26000000001,-89.5,AI Trader
2025-10-06 14:51:39,BTCUSDm,0.1,124755.26000000001,-89.5,AI Trader
2025-10-06 14:51:39,BTCUSDm,0.1,124755.26000000001,-120.07,AI Trader
2025-10-06 14:51:39,BTCUSDm,0.1,124755.26000000001,-95.68,AI Trader
2025-10-06 14:51:39,BTCUSDm,0.1,124755.26000000001,-73.42,AI Trader
2025-10-06 14:51:39,BTCUSDm,0.1,124755.26000000001,-74.7,AI Trader
2025-10-06 14:51:39,BTCUSDm,0.1,124755.26000000001,-134.99,AI Trader
2025-10-06 14:51:39,BTCUSDm,0.1,124755.26000000001,-106.86,AI Trader
2025-10-06 14:51:39,BTCUSDm,0.1,124755.26000000001,-107.01,AI Trader
2025-10-06 14:51:39,BTCUSDm,0.1,124755.26000000001,-77.5,AI Trader
2025-10-06 14:51:39,BTCUSDm,0.1,124755.26000000001,-90.78,AI Trader
2025-10-06 14:51:39,BTCUSDm,0.1,124755.26000000001,-75.57,AI Trader
2025-10-06 14:51:39,BTCUSDm,0.1,124755.26000000001,-62.95,AI Trader
2025-10-06 14:51:39,BTCUSDm,0.1,124755.26000000001,-95.66,AI Trader
2025-10-06 14:51:39,BTCUSDm,0.1,124755.26000000001,-28.58,AI Trader
2025-10-06 14:51:39,BTCUSDm,0.1,124755.26000000001,-36.88,AI Trader
2025-10-06 14:51:43,XAUUSDm,0.1,3954.7380000000003,-3.04,
2025-10-06 14:57:39,BTCUSDm,0.1,124537.87,0.0,AI Trader
2025-10-06 14:58:41,BTCUSDm,0.1,124571.82,0.0,AI Trader
2025-10-06 14:58:46,BTCUSDm,0.1,124597.87,6.0,[tp 124597.87000]
2025-10-06 14:59:08,BTCUSDm,0.1,124531.82,-4.0,[sl 124531.82000]
2025-10-06 14:59:44,BTCUSDm,0.1,124576.61,0.0,AI Trader
2025-10-06 15:00:40,BTCUSDm,0.1,124636.61,6.0,[tp 124636.61000]
2025-10-06 15:00:47,BTCUSDm,0.1,124655.81,0.0,AI Trader
2025-10-06 15:01:00,BTCUSDm,0.1,124615.81,-4.0,[sl 124615.81]
2025-10-06 15:01:50,BTCUSDm,0.1,124723.92,0.0,AI Trader
2025-10-06 15:02:37,BTCUSDm,0.1,124683.92,-4.0,[sl 124683.92000]
2025-10-06 15:11:03,BTCUSDm,0.1,124748.36,0.0,AI Trader
2025-10-06 15:12:06,BTCUSDm,0.1,124768.53,0.0,AI Trader
2025-10-06 15:13:09,BTCUSDm,0.1,124743.91,0.0,AI Trader
2025-10-06 15:14:12,BTCUSDm,0.1,124780.18000000001,0.0,AI Trader
2025-10-06 15:15:15,BTCUSDm,0.1,124825.96,0.0,AI Trader
2025-10-06 15:16:18,BTCUSDm,0.1,124934.77,0.0,AI Trader
2025-10-06 15:17:21,BTCUSDm,0.1,125011.17,0.0,AI Trader
2025-10-06 15:18:24,BTCUSDm,0.1,125071.8,0.0,AI Trader
2025-10-06 15:19:28,BTCUSDm,0.1,125086.67,0.0,AI Trader
2025-10-06 15:20:33,BTCUSDm,0.1,125209.56,0.0,AI Trader
2025-10-06 15:21:36,BTCUSDm,0.1,125321.23,0.0,AI Trader
2025-10-06 15:22:39,BTCUSDm,0.1,125476.18000000001,0.0,AI Trader
2025-10-06 15:23:42,BTCUSDm,0.1,125273.05,0.0,AI Trader
2025-10-06 15:23:53,BTCUSDm,0.1,125225.23,-25.1,[sl 125225.23000]
2025-10-06 15:24:45,BTCUSDm,0.1,125335.62,0.0,AI Trader
2025-10-06 15:25:48,BTCUSDm,0.1,125368.99,0.0,AI Trader
2025-10-06 15:26:51,BTCUSDm,0.1,125363.53,0.0,AI Trader
2025-10-06 15:27:27,BTCUSDm,0.1,125379.71,63.13,AI Trader
2025-10-06 15:27:27,BTCUSDm,0.1,125379.71,61.12,AI Trader
2025-10-06 15:27:27,BTCUSDm,0.1,125379.71,63.58,AI Trader
2025-10-06 15:27:27,BTCUSDm,0.1,125379.71,59.95,AI Trader
2025-10-06 15:27:27,BTCUSDm,0.1,125379.71,55.37,AI Trader
2025-10-06 15:27:27,BTCUSDm,0.1,125379.71,44.49,AI Trader
2025-10-06 15:27:27,BTCUSDm,0.1,125379.71,36.85,AI Trader
2025-10-06 15:27:27,BTCUSDm,0.1,125379.71,30.79,AI Trader
2025-10-06 15:27:27,BTCUSDm,0.1,125379.71,29.3,AI Trader
2025-10-06 15:27:27,BTCUSDm,0.1,125379.71,17.01,AI Trader
2025-10-06 15:27:27,BTCUSDm,0.1,125379.71,5.85,AI Trader
2025-10-06 15:27:27,BTCUSDm,0.1,125379.71,10.66,AI Trader
2025-10-06 15:27:27,BTCUSDm,0.1,125379.71,4.41,AI Trader
2025-10-06 15:27:27,BTCUSDm,0.1,125379.71,1.07,AI Trader
2025-10-06 15:27:27,BTCUSDm,0.1,125379.71,1.62,AI Trader
2025-10-06 15:27:54,BTCUSDm,0.1,125369.74,0.0,AI Trader
2025-10-06 15:28:58,BTCUSDm,0.1,125284.53,0.0,AI Trader
2025-10-06 15:30:02,BTCUSDm,0.1,125267.36,0.0,AI Trader
2025-10-06 15:30:39,BTCUSDm,0.1,125147.01000000001,-22.27,AI Trader
2025-10-06 15:30:39,BTCUSDm,0.1,125147.01000000001,-13.75,AI Trader
2025-10-06 15:30:39,BTCUSDm,0.1,125147.01000000001,-12.04,AI Trader
2025-10-06 15:32:47,XAUUSDm,0.1,3951.74,0.0,AI Trader
2025-10-06 15:33:51,XAUUSDm,0.1,3952.1839999999997,0.0,AI Trader
2025-10-06 15:34:54,XAUUSDm,0.1,3952.295,0.0,AI Trader
2025-10-06 15:35:57,XAUUSDm,0.1,3952.504,0.0,AI Trader
2025-10-06 15:37:00,XAUUSDm,0.1,3953.119,0.0,AI Trader
2025-10-06 15:37:31,XAUUSDm,0.1,3952.606,8.66,AI Trader
2025-10-06 15:37:31,XAUUSDm,0.1,3952.606,4.22,AI Trader
2025-10-06 15:37:31,XAUUSDm,0.1,3952.606,3.11,AI Trader
2025-10-06 15:37:31,XAUUSDm,0.1,3952.606,1.02,AI Trader
2025-10-06 15:37:31,XAUUSDm,0.1,3952.606,-5.13,AI Trader
2025-10-06 15:40:03,XAUUSDm,0.1,3954.287,0.0,AI Trader
2025-10-06 15:41:07,XAUUSDm,0.1,3954.68,0.0,AI Trader
2025-10-06 15:42:10,XAUUSDm,0.1,3954.134,0.0,AI Trader
2025-10-06 15:43:04,XAUUSDm,0.1,3954.193,0.59,AI Trader
2025-10-06 15:43:14,XAUUSDm,0.1,3954.322,0.0,AI Trader
2025-10-06 15:43:33,XAUUSDm,0.1,3955.368,10.81,AI Trader
2025-10-06 15:43:33,XAUUSDm,0.1,3955.368,6.88,AI Trader
2025-10-06 15:43:33,XAUUSDm,0.1,3955.368,10.46,AI Trader
2025-10-06 16:02:09,BTCUSDm,0.1,125069.55,0.0,AI Trader
2025-10-06 16:03:12,BTCUSDm,0.1,125073.66,0.0,AI Trader
2025-10-06 16:04:15,BTCUSDm,0.1,125066.67,0.0,AI Trader
2025-10-06 16:05:18,BTCUSDm,0.1,125022.14,0.0,AI Trader
2025-10-06 16:06:21,BTCUSDm,0.1,125056.16,0.0,AI Trader
2025-10-06 16:07:25,BTCUSDm,0.1,125159.04000000001,0.0,AI Trader
2025-10-06 16:08:28,BTCUSDm,0.1,124960.91,0.0,AI Trader
2025-10-06 16:09:32,BTCUSDm,0.1,124942.29000000001,0.0,AI Trader
2025-10-06 16:10:35,BTCUSDm,0.1,124942.49,0.0,AI Trader
2025-10-06 16:10:55,BTCUSDm,0.1,124908.72,-25.03,[sl 124908.72000]
2025-10-06 16:11:40,BTCUSDm,0.1,124908.01000000001,0.0,AI Trader
2025-10-06 16:12:43,BTCUSDm,0.1,124912.85,0.0,AI Trader
2025-10-06 16:13:46,BTCUSDm,0.1,124981.38,0.0,AI Trader
2025-10-06 16:14:50,BTCUSDm,0.1,124920.14,0.0,AI Trader
2025-10-06 16:15:54,BTCUSDm,0.1,124982.99,0.0,AI Trader
2025-10-06 16:16:58,BTCUSDm,0.1,125070.67,0.0,AI Trader
2025-10-06 16:18:01,BTCUSDm,0.1,125041.67,0.0,AI Trader
2025-10-06 16:19:06,BTCUSDm,0.1,125056.78,0.0,AI Trader
2025-10-06 16:20:09,BTCUSDm,0.1,125061.79000000001,0.0,AI Trader
2025-10-06 16:21:13,BTCUSDm,0.1,125085.29000000001,0.0,AI Trader
2025-10-06 16:22:18,BTCUSDm,0.1,124982.89,0.0,AI Trader
2025-10-06 16:23:21,BTCUSDm,0.1,124928.74,0.0,AI Trader
2025-10-06 16:24:25,BTCUSDm,0.1,124973.12,0.0,AI Trader
2025-10-06 16:25:29,BTCUSDm,0.1,124943.58,0.0,AI Trader
2025-10-06 16:26:33,BTCUSDm,0.1,125046.89,0.0,AI Trader
2025-10-06 16:27:36,BTCUSDm,0.1,125077.69,0.0,AI Trader
2025-10-06 16:28:39,BTCUSDm,0.1,124934.99,0.0,AI Trader
2025-10-06 16:29:27,BTCUSDm,0.1,124976.74,6.38,
2025-10-06 16:29:30,BTCUSDm,0.1,124977.3,6.93,
2025-10-06 16:29:33,BTCUSDm,0.1,124977.3,3.48,
2025-10-06 16:29:36,BTCUSDm,0.1,124950.2,0.79,
2025-10-06 16:29:40,BTCUSDm,0.1,124973.54000000001,5.34,
2025-10-06 16:29:43,BTCUSDm,0.1,124991.54000000001,0.0,AI Trader
2025-10-06 16:29:44,BTCUSDm,0.1,124973.54000000001,1.26,
2025-10-06 16:30:47,BTCUSDm,0.1,124989.6,0.0,AI Trader
2025-10-06 16:31:50,BTCUSDm,0.1,125062.23,0.0,AI Trader
2025-10-06 16:32:55,BTCUSDm,0.1,125091.2,0.0,AI Trader
2025-10-06 16:33:59,BTCUSDm,0.1,125095.54000000001,0.0,AI Trader
2025-10-06 16:35:02,BTCUSDm,0.1,125072.27,0.0,AI Trader
2025-10-06 16:36:06,BTCUSDm,0.1,125218.09,0.0,AI Trader
2025-10-06 16:37:09,BTCUSDm,0.1,125256.55,0.0,AI Trader
2025-10-06 16:38:12,BTCUSDm,0.1,125245.03,0.0,AI Trader
2025-10-06 16:39:16,BTCUSDm,0.1,125287.14,0.0,AI Trader
2025-10-06 16:40:19,BTCUSDm,0.1,125304.47,0.0,AI Trader
2025-10-06 16:41:23,BTCUSDm,0.1,125214.1,0.0,AI Trader
2025-10-06 16:42:26,BTCUSDm,0.1,125292.93000000001,0.0,AI Trader
2025-10-06 16:43:30,BTCUSDm,0.1,125292.15000000001,0.0,AI Trader
2025-10-06 16:44:07,BTCUSDm,0.1,125308.85,23.93,AI Trader
2025-10-06 16:44:07,BTCUSDm,0.1,125308.85,23.52,AI Trader
2025-10-06 16:44:07,BTCUSDm,0.1,125308.85,24.22,AI Trader
2025-10-06 16:44:07,BTCUSDm,0.1,125308.85,28.68,AI Trader
2025-10-06 16:44:07,BTCUSDm,0.1,125308.85,25.27,AI Trader
2025-10-06 16:44:07,BTCUSDm,0.1,125308.85,32.75,AI Trader
2025-10-06 16:44:07,BTCUSDm,0.1,125308.85,32.59,AI Trader
2025-10-06 16:44:07,BTCUSDm,0.1,125308.85,23.82,AI Trader
2025-10-06 16:44:07,BTCUSDm,0.1,125308.85,26.72,AI Trader
2025-10-06 16:44:07,BTCUSDm,0.1,125308.85,25.21,AI Trader
2025-10-06 16:44:07,BTCUSDm,0.1,125308.85,24.71,AI Trader
2025-10-06 16:44:07,BTCUSDm,0.1,125308.85,22.36,AI Trader
2025-10-06 16:44:07,BTCUSDm,0.1,125308.85,32.6,AI Trader
2025-10-06 16:44:07,BTCUSDm,0.1,125308.85,38.02,AI Trader
2025-10-06 16:44:07,BTCUSDm,0.1,125308.85,33.58,AI Trader
2025-10-06 16:44:07,BTCUSDm,0.1,125308.85,36.53,AI Trader
2025-10-06 16:44:07,BTCUSDm,0.1,125308.85,26.2,AI Trader
2025-10-06 16:44:07,BTCUSDm,0.1,125308.85,23.12,AI Trader
2025-10-06 16:44:07,BTCUSDm,0.1,125308.85,37.39,AI Trader
2025-10-06 16:44:07,BTCUSDm,0.1,125308.85,31.74,AI Trader
2025-10-06 16:44:07,BTCUSDm,0.1,125308.85,31.93,AI Trader
2025-10-06 16:44:07,BTCUSDm,0.1,125308.85,24.67,AI Trader
2025-10-06 16:44:07,BTCUSDm,0.1,125308.85,21.77,AI Trader
2025-10-06 16:44:07,BTCUSDm,0.1,125308.85,21.34,AI Trader
2025-10-06 16:44:07,BTCUSDm,0.1,125308.85,9.08,AI Trader
2025-10-06 16:44:07,BTCUSDm,0.1,125308.85,23.66,AI Trader
2025-10-06 16:44:07,BTCUSDm,0.1,125308.85,5.23,AI Trader
2025-10-06 16:44:07,BTCUSDm,0.1,125308.85,6.39,AI Trader
2025-10-06 16:44:07,BTCUSDm,0.1,125308.85,2.18,AI Trader
2025-10-06 16:44:07,BTCUSDm,0.1,125308.85,0.44,AI Trader
2025-10-06 16:44:07,BTCUSDm,0.1,125308.85,9.48,AI Trader
2025-10-06 16:44:07,BTCUSDm,0.1,125308.85,1.6,AI Trader
2025-10-06 16:44:07,BTCUSDm,0.1,125308.85,1.67,AI Trader
2025-10-06 16:44:33,BTCUSDm,0.1,125289.59,0.0,AI Trader
2025-10-06 16:45:37,BTCUSDm,0.1,125294.73,0.0,AI Trader
2025-10-06 16:46:42,BTCUSDm,0.1,125311.24,0.0,AI Trader
2025-10-06 16:47:46,BTCUSDm,0.1,125331.77,0.0,AI Trader
2025-10-06 16:48:50,BTCUSDm,0.1,125334.33,0.0,AI Trader
2025-10-06 16:49:53,BTCUSDm,0.1,125295.65000000001,0.0,AI Trader
2025-10-06 16:50:56,BTCUSDm,0.1,125346.39,0.0,AI Trader
2025-10-06 16:52:00,BTCUSDm,0.1,125236.38,0.0,AI Trader
2025-10-06 16:53:03,BTCUSDm,0.1,125262.1,0.0,AI Trader
2025-10-06 16:54:07,BTCUSDm,0.1,125302.17,0.0,AI Trader
2025-10-06 16:54:38,BTCUSDm,0.1,125315.46,2.59,AI Trader
2025-10-06 16:54:38,BTCUSDm,0.1,125315.46,2.08,AI Trader
2025-10-06 16:54:38,BTCUSDm,0.1,125315.46,0.43,AI Trader
2025-10-06 16:54:38,BTCUSDm,0.1,125315.46,-1.63,AI Trader
2025-10-06 16:54:38,BTCUSDm,0.1,125315.46,-1.88,AI Trader
2025-10-06 16:54:38,BTCUSDm,0.1,125315.46,1.98,AI Trader
2025-10-06 16:54:38,BTCUSDm,0.1,125315.46,-3.09,AI Trader
2025-10-06 16:54:38,BTCUSDm,0.1,125315.46,7.91,AI Trader
2025-10-06 16:54:38,BTCUSDm,0.1,125315.46,5.34,AI Trader
2025-10-06 16:54:38,BTCUSDm,0.1,125315.46,1.33,AI Trader
2025-10-06 17:07:20,BTCUSDm,0.1,125616.46,0.0,AI Trader
2025-10-06 17:09:04,BTCUSDm,0.1,125697.37,0.0,AI Trader
2025-10-06 17:11:57,BTCUSDm,0.1,125663.28,4.68,AI Trader
2025-10-06 17:12:50,BTCUSDm,0.1,125593.04000000001,0.0,AI Trader
2025-10-06 17:21:14,BTCUSDm,0.1,125700.0,0.26,[tp 125700.00000]
2025-10-06 17:27:52,BTCUSDm,0.1,125738.21,0.0,AI Trader
2025-10-06 17:34:04,BTCUSDm,0.1,125486.73,-25.15,[sl 125486.73000]
2025-10-06 17:35:04,BTCUSDm,0.1,125341.85,-25.11,[sl 125341.85000]
2025-10-06 17:38:34,BTCUSDm,0.1,125305.72,0.0,AI Trader
2025-10-06 17:40:06,BTCUSDm,0.1,125322.58,0.0,AI Trader
2025-10-06 17:45:09,BTCUSDm,0.1,125251.01000000001,0.0,AI Trader
2025-10-06 17:50:12,BTCUSDm,0.1,125359.26000000001,0.0,AI Trader
2025-10-06 17:55:15,BTCUSDm,0.1,125450.39,0.0,AI Trader
2025-10-06 18:00:17,BTCUSDm,0.1,125318.57,0.0,AI Trader
2025-10-06 18:04:07,BTCUSDm,0.1,125199.64,-25.08,[sl 125199.64000]
2025-10-06 18:04:21,BTCUSDm,0.1,125108.54,-25.08,[sl 125108.54000]
2025-10-06 18:05:21,BTCUSDm,0.1,125305.92,0.0,AI Trader
2025-10-06 18:10:23,BTCUSDm,0.1,125289.13,0.0,AI Trader
2025-10-06 18:15:27,BTCUSDm,0.1,125423.88,0.0,AI Trader
2025-10-06 18:17:40,BTCUSDm,0.1,125425.73,12.0,
2025-10-06 18:17:43,BTCUSDm,0.1,125425.87,10.33,
2025-10-06 18:17:46,BTCUSDm,0.1,125425.87,17.49,
2025-10-06 18:17:49,BTCUSDm,0.1,125410.0,9.14,
2025-10-06 18:17:52,BTCUSDm,0.1,125426.05,12.02,
2025-10-06 18:17:57,BTCUSDm,0.1,125426.38,13.73,
2025-10-06 18:20:31,BTCUSDm,0.1,125446.88,0.0,AI Trader
2025-10-06 18:25:36,BTCUSDm,0.1,125288.45,0.0,AI Trader
2025-10-06 18:30:43,BTCUSDm,0.1,125296.45,0.0,AI Trader
2025-10-06 18:35:46,BTCUSDm,0.1,125511.12,0.0,AI Trader
2025-10-06 18:40:49,BTCUSDm,0.1,125406.74,0.0,AI Trader
2025-10-06 18:45:53,BTCUSDm,0.1,125598.16,0.0,AI Trader
2025-10-06 18:50:55,BTCUSDm,0.1,125959.06,0.0,AI Trader
2025-10-06 18:51:48,BTCUSDm,0.1,126044.27,75.58,[tp 126044.27000]
2025-10-06 18:51:48,BTCUSDm,0.1,126048.15,75.17,[tp 126048.15000]
2025-10-06 18:55:33,BTCUSDm,0.1,126045.95,62.21,AI Trader
2025-10-06 18:55:33,BTCUSDm,0.1,126045.95,59.91,AI Trader
2025-10-06 18:55:33,BTCUSDm,0.1,126045.95,53.49,AI Trader
2025-10-06 18:55:33,BTCUSDm,0.1,126045.95,63.93,AI Trader
2025-10-06 18:55:33,BTCUSDm,0.1,126045.95,44.78,AI Trader
2025-10-06 18:55:33,BTCUSDm,0.1,126045.95,8.69,AI Trader
2025-10-06 18:55:59,BTCUSDm,0.1,126015.93000000001,0.0,AI Trader
2025-10-06 18:58:44,BTCUSDm,0.1,126221.37000000001,20.55,
2025-10-06 19:01:04,BTCUSDm,0.1,126181.61,0.0,AI Trader
2025-10-06 19:03:02,BTCUSDm,0.1,125932.37,-24.92,[sl 125932.37000]
2025-10-06 19:06:09,BTCUSDm,0.1,125918.96,0.0,AI Trader
2025-10-06 19:11:12,BTCUSDm,0.1,125827.12,0.0,AI Trader
2025-10-06 19:16:17,BTCUSDm,0.1,125709.06,0.0,AI Trader
2025-10-06 19:16:37,BTCUSDm,0.1,125665.17,-25.38,[sl 125665.17000]
2025-10-06 19:17:02,BTCUSDm,0.1,125575.47,-25.16,[sl 125575.47000]
2025-10-06 19:21:22,BTCUSDm,0.1,125558.42,0.0,AI Trader
2025-10-06 19:26:25,BTCUSDm,0.1,125936.84,0.0,AI Trader
2025-10-06 19:31:34,BTCUSDm,0.1,125857.87000000001,0.0,AI Trader
2025-10-06 19:36:39,BTCUSDm,0.1,125714.48,0.0,AI Trader
2025-10-06 19:40:30,BTCUSDm,0.1,125465.39,-24.91,[sl 125465.39000]
2025-10-06 19:41:43,BTCUSDm,0.1,125340.69,0.0,AI Trader
2025-10-06 19:41:44,BTCUSDm,0.1,125307.3,-25.11,[sl 125307.30000]
2025-10-06 19:46:48,BTCUSDm,0.1,125536.83,0.0,AI Trader
2025-10-06 19:51:53,BTCUSDm,0.1,125416.25,0.0,AI Trader
2025-10-06 19:56:56,BTCUSDm,0.1,125415.75,0.0,AI Trader
2025-10-06 20:01:59,BTCUSDm,0.1,125414.68000000001,0.0,AI Trader
2025-10-06 20:07:12,BTCUSDm,0.1,125582.61,0.0,AI Trader
2025-10-06 20:12:15,BTCUSDm,0.1,125513.43000000001,0.0,AI Trader
2025-10-06 20:15:33,BTCUSDm,0.1,125331.44,-25.12,[sl 125331.44000]
2025-10-06 20:16:22,BTCUSDm,0.1,125285.76,-25.1,[sl 125285.76000]
2025-10-06 20:16:22,BTCUSDm,0.1,125262.4,-25.1,[sl 125262.40000]
2025-10-06 20:17:20,BTCUSDm,0.1,125250.67,0.0,AI Trader
2025-10-06 20:22:24,BTCUSDm,0.1,125262.85,0.0,AI Trader
2025-10-06 20:27:27,BTCUSDm,0.1,125146.09,0.0,AI Trader
2025-10-06 20:27:35,BTCUSDm,0.1,125090.01,-25.07,[sl 125090.01000]
2025-10-06 20:32:31,BTCUSDm,0.1,125322.67,0.0,AI Trader
2025-10-06 20:37:34,BTCUSDm,0.1,125322.85,0.0,AI Trader
2025-10-06 20:42:38,BTCUSDm,0.1,125299.57,0.0,AI Trader
2025-10-06 20:47:42,BTCUSDm,0.1,125336.38,0.0,AI Trader
2025-10-06 20:52:45,BTCUSDm,0.1,125319.45,0.0,AI Trader
2025-10-06 20:57:50,BTCUSDm,0.1,125304.14,0.0,AI Trader
2025-10-06 21:02:53,BTCUSDm,0.1,125306.14,0.0,AI Trader
2025-10-06 21:07:56,BTCUSDm,0.1,125213.08,0.0,AI Trader
2025-10-06 21:13:02,BTCUSDm,0.1,125204.1,0.0,AI Trader
2025-10-06 21:16:04,BTCUSDm,0.1,125085.71,-25.07,[sl 125085.71000]
2025-10-06 21:16:25,BTCUSDm,0.1,125068.81,-25.07,[sl 125068.81000]
2025-10-06 21:16:25,BTCUSDm,0.1,125072.02,-25.07,[sl 125072.02000]
2025-10-06 21:16:25,BTCUSDm,0.1,125072.2,-25.07,[sl 125072.20000]
2025-10-06 21:16:46,BTCUSDm,0.1,125053.53,-25.06,[sl 125053.53000]
2025-10-06 21:16:46,BTCUSDm,0.1,125052.31,-24.73,[sl 125052.31000]
2025-10-06 21:16:46,BTCUSDm,0.1,125055.53,-25.06,[sl 125055.53000]
2025-10-06 21:18:05,BTCUSDm,0.1,125072.27,0.0,AI Trader
2025-10-06 21:18:56,BTCUSDm,0.1,125012.32,-25.06,[sl 125012.32000]
2025-10-06 21:19:00,BTCUSDm,0.1,125000.17,-25.05,[sl 125000.17000]
2025-10-06 21:19:02,BTCUSDm,0.1,124962.65,-25.04,[sl 124962.65000]
2025-10-06 21:19:02,BTCUSDm,0.1,124953.69,-25.04,[sl 124953.69000]
2025-10-06 21:19:44,BTCUSDm,0.1,124895.8,-25.03,[sl 124895.80000]
2025-10-06 21:21:00,BTCUSDm,0.1,124822.13,-25.02,[sl 124822.13000]
2025-10-06 21:23:09,BTCUSDm,0.1,124614.47,0.0,AI Trader
2025-10-06 21:28:12,BTCUSDm,0.1,125048.67,0.0,AI Trader
2025-10-06 21:29:45,BTCUSDm,0.1,124798.57,-25.01,[sl 124798.57000]
2025-10-06 21:33:15,BTCUSDm,0.1,124869.1,0.0,AI Trader
2025-10-06 21:38:19,BTCUSDm,0.1,124925.7,0.0,AI Trader
2025-10-06 21:43:23,BTCUSDm,0.1,125015.75,0.0,AI Trader
2025-10-06 21:48:27,BTCUSDm,0.1,125001.5,0.0,AI Trader
2025-10-06 21:53:29,BTCUSDm,0.1,124947.91,0.0,AI Trader
2025-10-06 21:58:32,BTCUSDm,0.1,125105.69,0.0,AI Trader
2025-10-06 22:03:35,BTCUSDm,0.1,125254.84,0.0,AI Trader
2025-10-06 22:04:26,BTCUSDm,0.1,125338.89,72.44,[tp 125338.89000]
2025-10-06 22:08:38,BTCUSDm,0.1,125153.97,0.0,AI Trader
2025-10-06 22:13:41,BTCUSDm,0.1,125262.73,0.0,AI Trader
2025-10-06 22:18:45,BTCUSDm,0.1,125337.56,0.0,AI Trader
2025-10-06 22:23:49,BTCUSDm,0.1,125272.91,0.0,AI Trader
2025-10-06 22:28:52,BTCUSDm,0.1,125252.52,0.0,AI Trader
2025-10-06 22:31:46,BTCUSDm,0.1,125086.88,-25.07,[sl 125086.88000]
2025-10-06 22:33:55,BTCUSDm,0.1,125158.24,0.0,AI Trader
2025-10-06 22:38:36,BTCUSDm,0.1,125022.36,-25.05,[sl 125022.36000]
2025-10-06 22:38:36,BTCUSDm,0.1,125012.2,-25.05,[sl 125012.20000]
2025-10-06 22:38:36,BTCUSDm,0.1,125002.01,-25.05,[sl 125002.01000]
2025-10-06 22:38:36,BTCUSDm,0.1,125004.33,-25.05,[sl 125004.33000]
2025-10-06 22:39:00,BTCUSDm,0.1,124978.57,0.0,AI Trader
2025-10-06 22:40:01,BTCUSDm,0.1,124907.92,-25.03,[sl 124907.92000]
2025-10-06 22:40:01,BTCUSDm,0.1,124909.33,-24.47,[sl 124909.33000]
2025-10-06 22:40:26,BTCUSDm,0.1,124855.48,-25.02,[sl 124855.48000]
2025-10-06 22:44:03,BTCUSDm,0.1,124977.84,0.0,AI Trader
2025-10-06 22:49:06,BTCUSDm,0.1,124979.84,0.0,AI Trader
2025-10-06 22:54:10,BTCUSDm,0.1,125077.25,0.0,AI Trader
2025-10-06 22:59:13,BTCUSDm,0.1,125091.18000000001,0.0,AI Trader
2025-10-06 23:04:17,BTCUSDm,0.1,125079.14,0.0,AI Trader
2025-10-06 23:09:21,BTCUSDm,0.1,124997.69,0.0,AI Trader
2025-10-06 23:14:25,BTCUSDm,0.1,124949.88,0.0,AI Trader
2025-10-06 23:16:27,BTCUSDm,0.1,124841.0,-25.02,[sl 124841.00000]
2025-10-06 23:16:28,BTCUSDm,0.1,124827.1,-25.02,[sl 124827.10000]
2025-10-06 23:16:28,BTCUSDm,0.1,124828.98,-25.01,[sl 124828.98000]
2025-10-06 23:19:28,BTCUSDm,0.1,124896.42,0.0,AI Trader
2025-10-06 23:23:11,BTCUSDm,0.1,124751.5,-25.0,[sl 124751.50000]
2025-10-06 23:23:11,BTCUSDm,0.1,124747.69,-25.0,[sl 124747.69000]
2025-10-06 23:23:15,BTCUSDm,0.1,124729.88,-24.99,[sl 124729.88000]
2025-10-06 23:24:32,BTCUSDm,0.1,124805.12,0.0,AI Trader
2025-10-06 23:29:37,BTCUSDm,0.1,124902.48,0.0,AI Trader
2025-10-06 23:34:40,BTCUSDm,0.1,124897.52,0.0,AI Trader
2025-10-06 23:39:44,BTCUSDm,0.1,124833.34,0.0,AI Trader
2025-10-06 23:44:48,BTCUSDm,0.1,124873.23,0.0,AI Trader
2025-10-06 23:49:51,BTCUSDm,0.1,124843.84,0.0,AI Trader
2025-10-06 23:54:55,BTCUSDm,0.1,124821.21,0.0,AI Trader
2025-10-06 23:59:56,BTCUSDm,0.1,124699.98,-24.99,[sl 124699.98000]
2025-10-06 23:59:58,BTCUSDm,0.1,124731.01000000001,0.0,AI Trader
2025-10-07 00:05:01,BTCUSDm,0.1,124732.15000000001,0.0,AI Trader
2025-10-07 00:10:04,BTCUSDm,0.1,124805.08,0.0,AI Trader
2025-10-07 00:15:08,BTCUSDm,0.1,124803.96,0.0,AI Trader
2025-10-07 00:20:13,BTCUSDm,0.1,124910.84,0.0,AI Trader
2025-10-07 00:25:16,BTCUSDm,0.1,124765.89,0.0,AI Trader
2025-10-07 00:30:19,BTCUSDm,0.1,124786.37,0.0,AI Trader
2025-10-07 00:33:12,BTCUSDm,0.1,124661.02,-24.98,[sl 124661.02000]
2025-10-07 00:33:12,BTCUSDm,0.1,124652.68,-24.98,[sl 124652.68000]
2025-10-07 00:33:12,BTCUSDm,0.1,124646.63,-24.98,[sl 124646.63000]
2025-10-07 00:33:12,BTCUSDm,0.1,124647.72,-24.98,[sl 124647.72000]
2025-10-07 00:35:23,BTCUSDm,0.1,124752.06,0.0,AI Trader
2025-10-07 00:40:26,BTCUSDm,0.1,124763.84,0.0,AI Trader
2025-10-07 00:45:30,BTCUSDm,0.1,124922.48,0.0,AI Trader
2025-10-07 00:50:33,BTCUSDm,0.1,124933.69,0.0,AI Trader
2025-10-07 00:55:36,BTCUSDm,0.1,124973.89,0.0,AI Trader
2025-10-07 01:00:39,BTCUSDm,0.1,124957.35,0.0,AI Trader
2025-10-07 01:05:43,BTCUSDm,0.1,125001.19,0.0,AI Trader
2025-10-07 01:10:47,BTCUSDm,0.1,125147.63,0.0,AI Trader
2025-10-07 01:15:19,BTCUSDm,0.1,124897.33,-25.03,[sl 124897.33000]
2025-10-07 01:15:50,BTCUSDm,0.1,124939.58,0.0,AI Trader
2025-10-07 01:17:05,BTCUSDm,0.1,124751.19,-25.0,[sl 124751.19000]
2025-10-07 01:17:24,BTCUSDm,0.1,124723.94,-25.0,[sl 124723.94000]
2025-10-07 01:18:01,BTCUSDm,0.1,124707.44,-25.0,[sl 124707.44000]
2025-10-07 01:18:03,BTCUSDm,0.1,124689.7,-24.99,[sl 124689.70000]
2025-10-07 01:19:51,BTCUSDm,0.1,124683.82,-24.99,[sl 124683.82000]
2025-10-07 01:19:58,BTCUSDm,0.1,124672.64,-24.99,[sl 124672.64000]
2025-10-07 01:20:07,BTCUSDm,0.1,124623.48,-24.97,[sl 124623.48000]
2025-10-07 01:20:09,BTCUSDm,0.1,124594.15,-24.96,[sl 124594.15000]
2025-10-07 01:20:09,BTCUSDm,0.1,124583.67,-24.96,[sl 124583.67000]
2025-10-07 01:20:10,BTCUSDm,0.1,124571.57,-24.96,[sl 124571.57000]
2025-10-07 01:20:18,BTCUSDm,0.1,124555.47,-24.96,[sl 124555.47000]
2025-10-07 01:20:18,BTCUSDm,0.1,124555.65,-24.94,[sl 124555.65000]
2025-10-07 01:20:18,BTCUSDm,0.1,124554.35,-24.96,[sl 124554.35000]
2025-10-07 01:20:53,BTCUSDm,0.1,124610.52,0.0,AI Trader
2025-10-07 01:21:02,BTCUSDm,0.1,124536.8,-24.96,[sl 124536.80000]
2025-10-07 01:21:12,BTCUSDm,0.1,124514.31,-24.95,[sl 124514.31000]
2025-10-07 01:21:12,BTCUSDm,0.1,124516.36,-24.95,[sl 124516.36000]
2025-10-07 01:21:13,BTCUSDm,0.1,124502.56,-24.95,[sl 124502.56000]
2025-10-07 01:25:57,BTCUSDm,0.1,124671.62,0.0,AI Trader
2025-10-07 01:31:01,BTCUSDm,0.1,124799.43000000001,0.0,AI Trader
2025-10-07 01:36:04,BTCUSDm,0.1,124654.87,0.0,AI Trader
2025-10-07 01:41:07,BTCUSDm,0.1,124787.07,0.0,AI Trader
2025-10-07 01:46:11,BTCUSDm,0.1,124828.24,0.0,AI Trader
2025-10-07 01:51:14,BTCUSDm,0.1,124679.07,0.0,AI Trader
2025-10-07 01:56:17,BTCUSDm,0.1,124689.47,0.0,AI Trader
2025-10-07 02:01:21,BTCUSDm,0.1,124706.66,0.0,AI Trader
2025-10-07 02:06:24,BTCUSDm,0.1,124759.58,0.0,AI Trader
2025-10-07 02:11:27,BTCUSDm,0.1,124725.75,0.0,AI Trader
2025-10-07 02:16:31,BTCUSDm,0.1,124678.59,0.0,AI Trader
2025-10-07 02:19:02,BTCUSDm,0.1,124578.58,-24.96,[sl 124578.58000]
2025-10-07 02:20:08,BTCUSDm,0.1,124549.83,-24.96,[sl 124549.83000]
2025-10-07 02:20:11,BTCUSDm,0.1,124537.5,-24.96,[sl 124537.50000]
2025-10-07 02:20:47,BTCUSDm,0.1,124510.06,-24.95,[sl 124510.06000]
2025-10-07 02:21:06,BTCUSDm,0.1,124481.55,-24.94,[sl 124481.55000]
2025-10-07 02:21:06,BTCUSDm,0.1,124482.69,-24.95,[sl 124482.69000]
2025-10-07 02:21:08,BTCUSDm,0.1,124476.3,-24.95,[sl 124476.30000]
2025-10-07 02:21:12,BTCUSDm,0.1,124457.25,-24.94,[sl 124457.25000]
2025-10-07 02:21:13,BTCUSDm,0.1,124429.71,-24.94,[sl 124429.71000]
2025-10-07 02:21:13,BTCUSDm,0.1,124440.09,-24.94,[sl 124440.09000]
2025-10-07 02:21:13,BTCUSDm,0.1,124429.23,-24.94,[sl 124429.23000]
2025-10-07 02:21:13,BTCUSDm,0.1,124422.28,-24.93,[sl 124422.28000]
2025-10-07 02:21:14,BTCUSDm,0.1,124405.56,-24.93,[sl 124405.56000]
2025-10-07 02:21:16,BTCUSDm,0.1,124361.3,-24.92,[sl 124361.30000]
2025-10-07 02:21:34,BTCUSDm,0.1,124384.08,0.0,AI Trader
2025-10-07 02:26:38,BTCUSDm,0.1,124611.03,0.0,AI Trader
2025-10-07 02:31:41,BTCUSDm,0.1,124681.81,0.0,AI Trader
2025-10-07 02:36:45,BTCUSDm,0.1,124557.03,0.0,AI Trader
2025-10-07 02:41:48,BTCUSDm,0.1,124467.85,0.0,AI Trader
2025-10-07 02:46:51,BTCUSDm,0.1,124616.89,0.0,AI Trader
2025-10-07 02:51:55,BTCUSDm,0.1,124550.0,0.0,AI Trader
2025-10-07 02:55:37,BTCUSDm,0.1,124432.45,-24.93,[sl 124432.45000]
2025-10-07 02:56:58,BTCUSDm,0.1,124402.2,0.0,AI Trader
2025-10-07 02:57:02,BTCUSDm,0.1,124367.66,-24.92,[sl 124367.66000]
2025-10-07 02:57:02,BTCUSDm,0.1,124361.81,-24.92,[sl 124361.81000]
2025-10-07 03:02:02,BTCUSDm,0.1,124414.48,0.0,AI Trader
2025-10-07 03:07:06,BTCUSDm,0.1,124426.61,0.0,AI Trader
2025-10-07 03:12:09,BTCUSDm,0.1,124520.28,0.0,AI Trader
2025-10-07 03:17:12,BTCUSDm,0.1,124391.69,0.0,AI Trader
2025-10-07 03:22:16,BTCUSDm,0.1,124351.6,0.0,AI Trader
2025-10-07 03:23:39,BTCUSDm,0.1,124307.92,-24.91,[sl 124307.92000]
2025-10-07 03:24:23,BTCUSDm,0.1,124300.9,-24.91,[sl 124300.90000]
2025-10-07 03:24:24,BTCUSDm,0.1,124271.24,-24.91,[sl 124271.24000]
2025-10-07 03:25:36,BTCUSDm,0.1,124218.91,-24.9,[sl 124218.91000]
2025-10-07 03:27:19,BTCUSDm,0.1,124338.81,0.0,AI Trader
2025-10-07 03:31:11,BTCUSDm,0.1,124177.76,-24.88,[sl 124177.76000]
2025-10-07 03:31:11,BTCUSDm,0.1,124165.65,-24.88,[sl 124165.65000]
2025-10-07 03:32:23,BTCUSDm,0.1,124260.42,0.0,AI Trader
2025-10-07 03:37:26,BTCUSDm,0.1,124364.5,0.0,AI Trader
2025-10-07 03:42:31,BTCUSDm,0.1,124363.17,0.0,AI Trader
2025-10-07 03:47:34,BTCUSDm,0.1,124394.37,0.0,AI Trader
2025-10-07 03:52:37,BTCUSDm,0.1,124384.27,0.0,AI Trader
2025-10-07 03:57:40,BTCUSDm,0.1,124410.15000000001,0.0,AI Trader
2025-10-07 04:02:43,BTCUSDm,0.1,124297.99,0.0,AI Trader
2025-10-07 04:07:47,BTCUSDm,0.1,124302.11,0.0,AI Trader
2025-10-07 04:12:50,BTCUSDm,0.1,124248.24,0.0,AI Trader
2025-10-07 04:17:53,BTCUSDm,0.1,124249.93000000001,0.0,AI Trader
2025-10-07 04:22:57,BTCUSDm,0.1,124238.79000000001,0.0,AI Trader
2025-10-07 04:28:01,BTCUSDm,0.1,124482.29000000001,0.0,AI Trader
2025-10-07 04:33:06,BTCUSDm,0.1,124533.38,0.0,AI Trader
2025-10-07 04:38:09,BTCUSDm,0.1,124615.74,0.0,AI Trader
2025-10-07 04:43:12,BTCUSDm,0.1,124650.32,0.0,AI Trader
2025-10-07 04:48:16,BTCUSDm,0.1,124610.74,0.0,AI Trader
2025-10-07 04:53:19,BTCUSDm,0.1,124628.01000000001,0.0,AI Trader
2025-10-07 04:58:22,BTCUSDm,0.1,124619.94,0.0,AI Trader
2025-10-07 05:03:25,BTCUSDm,0.1,124479.63,0.0,AI Trader
2025-10-07 05:05:09,BTCUSDm,0.1,124401.02,-24.93,[sl 124401.02000]
2025-10-07 05:05:14,BTCUSDm,0.1,124378.75,-24.92,[sl 124378.75000]
2025-10-07 05:05:19,BTCUSDm,0.1,124370.7,-24.92,[sl 124370.70000]
2025-10-07 05:05:19,BTCUSDm,0.1,124366.51,-24.92,[sl 124366.51000]
2025-10-07 05:05:20,BTCUSDm,0.1,124361.52,-24.92,[sl 124361.52000]
2025-10-07 05:08:28,BTCUSDm,0.1,124416.6,0.0,AI Trader
2025-10-07 05:13:32,BTCUSDm,0.1,124569.90000000001,0.0,AI Trader
2025-10-07 05:18:35,BTCUSDm,0.1,124473.02,0.0,AI Trader
2025-10-07 05:23:40,BTCUSDm,0.1,124563.03,0.0,AI Trader
2025-10-07 05:28:44,BTCUSDm,0.1,124631.8,0.0,AI Trader
2025-10-07 05:33:47,BTCUSDm,0.1,124538.33,0.0,AI Trader
2025-10-07 05:38:51,BTCUSDm,0.1,124623.69,0.0,AI Trader
2025-10-07 05:43:54,BTCUSDm,0.1,124626.36,0.0,AI Trader
2025-10-07 05:48:58,BTCUSDm,0.1,124567.23,0.0,AI Trader
2025-10-07 05:52:14,BTCUSDm,0.1,124382.54,-24.93,[sl 124382.54000]
2025-10-07 05:53:02,BTCUSDm,0.1,124377.11,-24.93,[sl 124377.11000]
2025-10-07 05:53:03,BTCUSDm,0.1,124374.44,-24.93,[sl 124374.44000]
2025-10-07 05:54:01,BTCUSDm,0.1,124419.40000000001,0.0,AI Trader
2025-10-07 05:59:05,BTCUSDm,0.1,124458.55,0.0,AI Trader
2025-10-07 06:04:08,BTCUSDm,0.1,124494.78,0.0,AI Trader
2025-10-07 06:09:11,BTCUSDm,0.1,124506.88,0.0,AI Trader
2025-10-07 06:14:15,BTCUSDm,0.1,124424.89,0.0,AI Trader
2025-10-07 06:16:53,BTCUSDm,0.1,124320.76,-24.91,[sl 124320.76000]
2025-10-07 06:17:02,BTCUSDm,0.1,124318.1,-24.91,[sl 124318.10000]
2025-10-07 06:18:13,BTCUSDm,0.1,124295.81,-26.72,[sl 124295.81000]
2025-10-07 06:19:18,BTCUSDm,0.1,124330.59,0.0,AI Trader
2025-10-07 06:21:28,BTCUSDm,0.1,124289.25,-24.9,[sl 124289.25000]
2025-10-07 06:21:28,BTCUSDm,0.1,124284.31,-24.91,[sl 124284.31000]
2025-10-07 06:22:59,BTCUSDm,0.1,124257.87,-24.9,[sl 124257.87000]
2025-10-07 06:23:03,BTCUSDm,0.1,124245.79,-24.9,[sl 124245.79000]
2025-10-07 06:23:09,BTCUSDm,0.1,124233.33,-24.9,[sl 124233.33000]
2025-10-07 06:23:15,BTCUSDm,0.1,124224.07,-24.89,[sl 124224.07000]
2025-10-07 06:24:16,BTCUSDm,0.1,124192.31,-22.43,[sl 124192.31000]
2025-10-07 06:24:16,BTCUSDm,0.1,124204.68,-27.49,[sl 124204.68000]
2025-10-07 06:24:16,BTCUSDm,0.1,124209.63,-24.9,[sl 124209.63000]
2025-10-07 06:24:17,BTCUSDm,0.1,124176.04,-24.89,[sl 124176.04000]
2025-10-07 06:24:19,BTCUSDm,0.1,124170.56,-24.88,[sl 124170.56000]
2025-10-07 06:24:21,BTCUSDm,0.1,124190.77,0.0,AI Trader
2025-10-07 06:24:53,BTCUSDm,0.1,124153.4,-24.88,[sl 124153.40000]
2025-10-07 06:24:53,BTCUSDm,0.1,124158.15,-25.2,[sl 124158.15000]
2025-10-07 06:24:57,BTCUSDm,0.1,124145.58,-24.88,[sl 124145.58000]
2025-10-07 06:24:57,BTCUSDm,0.1,124142.91,-24.88,[sl 124142.91000]
2025-10-07 06:25:05,BTCUSDm,0.1,124135.16,-24.89,[sl 124135.16000]
2025-10-07 06:25:05,BTCUSDm,0.1,124135.5,-24.88,[sl 124135.50000]
2025-10-07 06:25:05,BTCUSDm,0.1,124114.44,-24.88,[sl 124114.44000]
2025-10-07 06:25:05,BTCUSDm,0.1,124115.77,-24.87,[sl 124115.77000]
2025-10-07 06:25:05,BTCUSDm,0.1,124102.9,-24.87,[sl 124102.90000]
2025-10-07 06:25:06,BTCUSDm,0.1,124090.13,-24.87,[sl 124090.13000]
2025-10-07 06:25:06,BTCUSDm,0.1,124081.93,-24.87,[sl 124081.93000]
2025-10-07 06:25:21,BTCUSDm,0.1,124051.85,-25.02,[sl 124051.85000]
2025-10-07 06:25:21,BTCUSDm,0.1,124049.39,-24.86,[sl 124049.39000]
2025-10-07 06:25:22,BTCUSDm,0.1,124011.9,-24.85,[sl 124011.90000]
2025-10-07 06:29:24,BTCUSDm,0.1,124093.41,0.0,AI Trader
2025-10-07 06:29:48,BTCUSDm,0.1,123999.74,-24.85,[sl 123999.74000]
2025-10-07 06:29:48,BTCUSDm,0.1,124001.43,-24.85,[sl 124001.43000]
2025-10-07 06:29:48,BTCUSDm,0.1,123988.54,-25.03,[sl 123988.54000]
2025-10-07 06:29:49,BTCUSDm,0.1,123942.39,-24.84,[sl 123942.39000]
2025-10-07 06:34:27,BTCUSDm,0.1,124044.67,0.0,AI Trader
2025-10-07 06:38:37,BTCUSDm,0.1,123845.22,-24.82,[sl 123845.22000]
2025-10-07 06:39:30,BTCUSDm,0.1,124002.0,0.0,AI Trader
2025-10-07 06:44:32,BTCUSDm,0.1,123901.96,0.0,AI Trader
2025-10-07 06:49:35,BTCUSDm,0.1,124035.25,0.0,AI Trader
2025-10-07 06:54:38,BTCUSDm,0.1,124060.15000000001,0.0,AI Trader
2025-10-07 06:59:41,BTCUSDm,0.1,123996.98,0.0,AI Trader
2025-10-07 07:04:44,BTCUSDm,0.1,124025.81,0.0,AI Trader
2025-10-07 07:09:47,BTCUSDm,0.1,123991.08,0.0,AI Trader
2025-10-07 07:14:50,BTCUSDm,0.1,123930.37,0.0,AI Trader
2025-10-07 07:17:27,BTCUSDm,0.1,123809.46,-25.07,[sl 123809.46000]
2025-10-07 07:17:27,BTCUSDm,0.1,123796.58,-24.81,[sl 123796.58000]
2025-10-07 07:17:30,BTCUSDm,0.1,123777.76,-24.8,[sl 123777.76000]
2025-10-07 07:17:30,BTCUSDm,0.1,123787.18,-24.81,[sl 123787.18000]
2025-10-07 07:17:30,BTCUSDm,0.1,123754.0,-24.8,[sl 123754.00000]
2025-10-07 07:17:47,BTCUSDm,0.1,123743.1,-24.8,[sl 123743.10000]
2025-10-07 07:17:47,BTCUSDm,0.1,123748.99,-24.8,[sl 123748.99000]
2025-10-07 07:18:05,BTCUSDm,0.1,123682.51,-24.79,[sl 123682.51000]
2025-10-07 07:19:52,BTCUSDm,0.1,123843.45,0.0,AI Trader
2025-10-07 07:24:55,BTCUSDm,0.1,123880.26000000001,0.0,AI Trader
2025-10-07 07:29:59,BTCUSDm,0.1,123956.45,0.0,AI Trader
2025-10-07 07:35:03,BTCUSDm,0.1,123855.51000000001,0.0,AI Trader
2025-10-07 07:37:14,BTCUSDm,0.1,123708.54,-24.8,[sl 123708.54000]
2025-10-07 07:40:07,BTCUSDm,0.1,123761.68000000001,0.0,AI Trader
2025-10-07 07:41:18,BTCUSDm,0.1,123654.16,-24.78,[sl 123654.16000]
2025-10-07 07:41:23,BTCUSDm,0.1,123632.5,-24.78,[sl 123632.50000]
2025-10-07 08:08:39,BTCUSDm,0.1,123607.8,-24.77,[sl 123607.80000]
2025-10-07 08:08:41,BTCUSDm,0.1,123595.76,-24.77,[sl 123595.76000]
2025-10-07 08:19:58,BTCUSDm,0.1,123514.16,-24.75,[sl 123514.16000]
2025-10-07 08:25:34,BTCUSDm,0.1,123752.97,0.0,AI Trader
2025-10-07 08:26:53,BTCUSDm,0.1,123787.66,-192.14,AI Trader
2025-10-07 08:26:53,BTCUSDm,0.1,123787.66,-214.91,AI Trader
2025-10-07 08:26:53,BTCUSDm,0.1,123787.66,-207.02,AI Trader
2025-10-07 08:26:53,BTCUSDm,0.1,123787.66,-162.86,AI Trader
2025-10-07 08:26:53,BTCUSDm,0.1,123787.66,-162.81,AI Trader
2025-10-07 08:26:53,BTCUSDm,0.1,123787.66,-162.7,AI Trader
2025-10-07 08:26:53,BTCUSDm,0.1,123787.66,-108.14,AI Trader
2025-10-07 08:26:53,BTCUSDm,0.1,123787.66,-113.8,AI Trader
2025-10-07 08:26:53,BTCUSDm,0.1,123787.66,-122.81,AI Trader
2025-10-07 08:26:53,BTCUSDm,0.1,123787.66,-116.02,AI Trader
2025-10-07 08:26:53,BTCUSDm,0.1,123787.66,-119.09,AI Trader
2025-10-07 08:26:53,BTCUSDm,0.1,123787.66,-119.01,AI Trader
2025-10-07 08:26:53,BTCUSDm,0.1,123787.66,3.4699999999999998,AI Trader
2025-10-07 08:29:21,BTCUSDm,0.05,123766.46,0.0,AI Trader
2025-10-07 08:31:24,BTCUSDm,0.05,123662.09,0.0,AI Trader
2025-10-07 08:45:05,BTCUSDm,0.05,123915.29,12.66,[tp 123915.29000]
2025-10-07 08:49:58,BTCUSDm,0.1,123996.34,0.0,
2025-10-07 08:50:54,XAUUSDm,0.1,3952.096,0.0,
2025-10-07 08:51:37,XAUUSDm,0.1,3950.76,13.36,[tp 3950.76000]
2025-10-07 08:52:19,BTCUSDm,0.05,124013.99,12.38,[tp 124013.99000]
2025-10-07 08:52:32,XAUUSDm,0.1,3952.208,0.0,
2025-10-07 09:09:01,BTCUSDm,0.1,124100.0,10.37,[tp 124100.00000]
2025-10-07 09:10:18,XAUUSDm,0.1,3955.109,29.01,[tp 3955.10900]
2025-10-07 09:10:39,XAUUSDm,0.1,3955.043,0.0,
2025-10-07 09:31:27,BTCUSDm,0.05,124313.66,0.0,AI Trader
2025-10-07 09:39:30,XAUUSDm,0.1,3960.235,51.92,
2025-10-07 10:31:31,BTCUSDm,0.05,124346.98,0.0,AI Trader
2025-10-07 11:30:58,BTCUSDm,0.05,124555.92,12.12,[tp 124555.92000]
2025-10-07 11:31:02,BTCUSDm,0.05,124595.67,12.43,[tp 124595.67000]
2025-10-07 11:31:17,BTCUSDm,0.1,124600.14,0.0,
2025-10-07 11:31:35,BTCUSDm,0.05,124594.42,0.0,AI Trader
2025-10-07 12:02:20,XAUUSDm,0.1,3968.854,0.0,
2025-10-07 12:06:13,XAUUSDm,0.1,3969.909,0.0,
2025-10-07 12:10:01,XAUUSDm,0.1,3971.022,21.68,[tp 3971.02200]
2025-10-07 12:28:24,XAUUSDm,0.1,3965.39,-45.19,
2025-10-07 12:31:38,BTCUSDm,0.05,124463.75,0.0,AI Trader
2025-10-07 12:45:13,BTCUSDm,0.05,124712.68,12.44,[tp 124712.68000]
2025-10-07 12:54:41,BTCUSDm,0.05,125024.29000000001,21.49,AI Trader
2025-10-07 12:55:07,BTCUSDm,0.1,125050.37,45.03,
2025-10-07 13:20:24,BTCUSDm,0.05,124786.99,0.0,AI Trader
2025-10-07 13:21:27,BTCUSDm,0.05,124794.58,0.0,AI Trader
2025-10-07 13:22:31,BTCUSDm,0.05,124817.21,0.0,AI Trader
2025-10-07 13:23:36,BTCUSDm,0.05,124865.36,0.0,AI Trader
2025-10-07 13:24:40,BTCUSDm,0.05,124811.75,0.0,AI Trader
2025-10-07 13:25:43,BTCUSDm,0.05,124788.26000000001,0.0,AI Trader
2025-10-07 13:26:47,BTCUSDm,0.05,124824.69,0.0,AI Trader
2025-10-07 13:27:50,BTCUSDm,0.05,124883.98,0.0,AI Trader
2025-10-07 13:28:53,BTCUSDm,0.05,124899.97,0.0,AI Trader
2025-10-07 13:29:58,BTCUSDm,0.05,124921.73,0.0,AI Trader
2025-10-07 13:31:01,BTCUSDm,0.05,124786.86,0.0,AI Trader
2025-10-07 13:32:05,BTCUSDm,0.05,124729.59,0.0,AI Trader
2025-10-07 13:33:08,BTCUSDm,0.05,124662.7,0.0,AI Trader
2025-10-07 13:35:11,BTCUSDm,0.05,124718.78,0.0,AI Trader
2025-10-07 13:36:14,BTCUSDm,0.05,124804.44,0.0,AI Trader
2025-10-07 13:37:18,BTCUSDm,0.05,124638.15000000001,0.0,AI Trader
2025-10-07 13:41:27,XAUUSDm,0.1,3970.627,0.0,
2025-10-07 14:16:38,BTCUSDm,0.05,122974.8,-90.61,AI Trader
2025-10-07 14:16:38,BTCUSDm,0.05,122974.8,-90.99,AI Trader
2025-10-07 14:16:38,BTCUSDm,0.05,122974.8,-94.53,AI Trader
2025-10-07 14:16:38,BTCUSDm,0.05,122974.8,-92.12,AI Trader
2025-10-07 14:16:38,BTCUSDm,0.05,122974.8,-91.85,AI Trader
2025-10-07 14:16:38,BTCUSDm,0.05,122974.8,-90.67,AI Trader
2025-10-07 14:16:38,BTCUSDm,0.05,122974.8,-92.49,AI Trader
2025-10-07 14:16:38,BTCUSDm,0.05,122974.8,-95.46,AI Trader
2025-10-07 14:16:38,BTCUSDm,0.05,122974.8,-96.26,AI Trader
2025-10-07 14:16:38,BTCUSDm,0.05,122974.8,-97.35,AI Trader
2025-10-07 14:16:38,BTCUSDm,0.05,122974.8,-90.6,AI Trader
2025-10-07 14:16:38,BTCUSDm,0.05,122974.8,-87.74,AI Trader
2025-10-07 14:16:38,BTCUSDm,0.05,122974.8,-84.4,AI Trader
2025-10-07 14:16:38,BTCUSDm,0.05,122974.8,-87.2,AI Trader
2025-10-07 14:16:38,BTCUSDm,0.05,122974.8,-91.48,AI Trader
2025-10-07 14:16:38,BTCUSDm,0.05,122974.8,-83.17,AI Trader
2025-10-07 14:16:39,XAUUSDm,0.1,3970.8469999999998,-2.2,
2025-10-07 14:17:32,BTCUSDm,0.05,123114.17,0.0,AI Trade | Pred:
2025-10-07 14:38:26,BTCUSDm,0.05,122805.36,-15.44,
2025-10-07 14:38:53,BTCUSDm,0.05,122838.41,0.0,
2025-10-07 14:38:57,BTCUSDm,0.05,122875.55,1.8599999999999999,
2025-10-07 14:39:04,BTCUSDm,0.05,122815.65000000001,0.0,
2025-10-07 14:46:22,BTCUSDm,0.05,123000.0,9.22,[tp 123000.00000]
2025-10-07 17:08:18,BTCUSDm,0.05,121744.95,0.0,AI Trade | Pred:
2025-10-07 18:16:10,BTCUSDm,0.05,121262.47,24.13,AI Trade | Pred:
2025-10-07 18:24:25,BTCUSDm,0.05,120965.65000000001,0.0,AI Trade | Pred:
2025-10-07 19:28:09,XAUUSDm,0.05,3981.836,0.0,
2025-10-07 19:57:56,BTCUSDm,0.05,121775.3,-40.49,
2025-10-07 19:58:00,XAUUSDm,0.05,3980.9010000000003,-4.67,
2025-10-07 20:09:27,BTCUSDm,0.05,122093.26000000001,0.0,AI Trade | Pred:
2025-10-07 23:23:42,BTCUSDm,0.05,121715.58,18.88,[tp 121715.58000]
2025-10-07 23:24:30,BTCUSDm,0.05,121755.39,0.0,AI Trade | Pred:
2025-10-08 07:43:23,BTCUSDm,0.05,121468.73,14.33,
2025-10-08 08:35:18,BTCUSDm,0.1,122465.78,0.0,
2025-10-08 09:07:59,BTCUSDm,0.1,122626.98,16.12,
2025-10-08 09:10:54,BTCUSDm,0.1,122587.99,0.0,
2025-10-08 09:38:51,BTCUSDm,0.1,122558.56,0.0,AI Trade | Pred:
2025-10-08 09:39:53,BTCUSDm,0.1,122581.24,0.0,AI Trade | Pred:
2025-10-08 09:40:56,BTCUSDm,0.1,122562.90000000001,0.0,AI Trade | Pred:
2025-10-08 09:41:59,BTCUSDm,0.1,122592.88,0.0,AI Trade | Pred:
2025-10-08 09:43:01,BTCUSDm,0.1,122490.45,0.0,AI Trade | Pred:
2025-10-08 09:44:04,BTCUSDm,0.1,122462.36,0.0,AI Trade | Pred:
2025-10-08 09:45:07,BTCUSDm,0.1,122471.38,0.0,AI Trade | Pred:
2025-10-08 09:46:09,BTCUSDm,0.1,122524.55,0.0,AI Trade | Pred:
2025-10-08 09:47:17,BTCUSDm,0.1,122464.90000000001,0.0,AI Trade | Pred:
2025-10-08 10:55:56,BTCUSDm,0.1,122951.49,36.35,
2025-10-08 10:55:59,BTCUSDm,0.1,122967.19,0.0,AI Trade | Pred:
2025-10-08 11:05:40,BTCUSDm,0.1,122865.01000000001,10.22,
2025-10-08 11:05:43,BTCUSDm,0.1,122865.6,-40.07,
2025-10-08 11:05:47,BTCUSDm,0.1,122901.90000000001,-34.33,
2025-10-08 11:05:50,BTCUSDm,0.1,122905.35,-32.42,
2025-10-08 11:05:54,BTCUSDm,0.1,122902.33,-33.94,
2025-10-08 11:05:57,BTCUSDm,0.1,122910.32,-31.74,
2025-10-08 11:06:00,BTCUSDm,0.1,122962.18000000001,-47.17,
2025-10-08 11:06:03,BTCUSDm,0.1,122957.57,-49.52,
2025-10-08 11:06:07,BTCUSDm,0.1,122922.69,-45.13,
2025-10-08 11:06:10,BTCUSDm,0.1,122914.11,-38.95,
2025-10-08 11:06:19,BTCUSDm,0.1,122926.32,0.0,AI Trade | Pred:
2025-10-08 11:06:48,BTCUSDm,0.1,123021.18000000001,-9.49,
2025-10-08 11:07:15,BTCUSDm,0.1,123000.56,0.0,AI Trade | Pred:
2025-10-08 11:08:18,BTCUSDm,0.1,123013.68000000001,0.0,AI Trade | Pred:
2025-10-08 11:09:21,BTCUSDm,0.1,123083.66,0.0,AI Trade | Pred:
2025-10-08 11:10:46,BTCUSDm,0.1,123170.41,0.0,AI Trade | Pred:
2025-10-08 11:11:48,BTCUSDm,0.1,123166.45,0.39,
2025-10-08 11:11:51,BTCUSDm,0.1,123200.78,-11.71,
2025-10-08 11:11:54,BTCUSDm,0.1,123229.96,-21.63,
2025-10-08 11:12:00,BTCUSDm,0.1,123196.84,-19.62,
2025-10-08 11:14:04,BTCUSDm,0.1,123149.49,0.0,AI Trade | Pred:
2025-10-08 11:29:07,BTCUSDm,0.1,123099.26000000001,0.0,AI Trade | Pred:
2025-10-08 11:44:11,BTCUSDm,0.1,122888.44,0.0,AI Trade | Pred:
2025-10-08 11:56:24,XAUUSDm,0.1,4036.7799999999997,0.0,
2025-10-08 11:59:14,BTCUSDm,0.1,122907.01000000001,0.0,AI Trade | Pred:
2025-10-08 12:03:48,XAUUSDm,0.1,4040.724,39.44,
2025-10-08 12:03:53,XAUUSDm,0.1,4040.3360000000002,0.0,
2025-10-08 12:06:43,XAUUSDm,0.1,4043.748,-34.12,
2025-10-08 12:07:00,XAUUSDm,0.1,4043.256,0.0,
2025-10-08 12:14:18,BTCUSDm,0.1,123027.78,0.0,AI Trade | Pred:
2025-10-08 12:29:23,BTCUSDm,0.1,122776.95,0.0,AI Trade | Pred:
2025-10-08 12:32:44,XAUUSDm,0.1,4038.56,-46.96,
2025-10-08 12:44:29,BTCUSDm,0.1,122669.29000000001,0.0,AI Trade | Pred:
2025-10-08 12:59:31,BTCUSDm,0.1,122661.0,0.0,AI Trade | Pred:
2025-10-08 13:14:33,BTCUSDm,0.1,122669.04000000001,0.0,AI Trade | Pred:
2025-10-08 13:15:41,XAUUSDm,0.1,4045.41,0.0,
2025-10-08 13:16:05,XAUUSDm,0.1,4045.874,0.0,
2025-10-08 13:20:55,XAUUSDm,0.1,4042.291,-31.19,
2025-10-08 13:20:57,XAUUSDm,0.1,4042.487,-33.87,
2025-10-08 13:26:29,BTCUSDm,0.1,122636.13,51.34,AI Trade | Pred:
2025-10-08 13:26:29,BTCUSDm,0.1,122636.13,46.32,AI Trade | Pred:
2025-10-08 13:26:29,BTCUSDm,0.1,122636.13,25.23,AI Trade | Pred:
2025-10-08 13:26:29,BTCUSDm,0.1,122636.13,27.09,AI Trade | Pred:
2025-10-08 13:26:29,BTCUSDm,0.1,122636.13,39.17,AI Trade | Pred:
2025-10-08 13:26:29,BTCUSDm,0.1,122636.13,14.09,AI Trade | Pred:
2025-10-08 13:26:29,BTCUSDm,0.1,122636.13,3.32,AI Trade | Pred:
2025-10-08 13:26:29,BTCUSDm,0.1,122636.13,2.49,AI Trade | Pred:
2025-10-08 13:26:29,BTCUSDm,0.1,122636.13,3.29,AI Trade | Pred:
2025-10-08 13:26:44,,0.0,0.0,-992383.07,W-trial-USD-26e3bdd9246d
2025-10-08 13:29:42,BTCUSDm,0.1,122513.37,0.0,AI Trade | Pred:
2025-10-08 13:44:44,BTCUSDm,0.1,121892.14,0.0,AI Trade | Pred:
2025-10-08 13:59:46,BTCUSDm,0.1,122672.34,0.0,AI Trade | Pred:
2025-10-08 14:14:48,BTCUSDm,0.1,122876.53,0.0,AI Trade | Pred:
2025-10-08 14:29:50,BTCUSDm,0.1,122605.17,0.0,AI Trade | Pred:
2025-10-08 14:44:52,BTCUSDm,0.1,122502.37,0.0,AI Trade | Pred:
2025-10-08 14:59:55,BTCUSDm,0.1,122293.19,0.0,AI Trade | Pred:
2025-10-08 15:14:59,BTCUSDm,0.1,122518.53,0.0,AI Trade | Pred:
2025-10-08 15:30:03,BTCUSDm,0.1,122475.04000000001,0.0,AI Trade | Pred:
2025-10-08 15:45:06,BTCUSDm,0.1,122356.55,0.0,AI Trade | Pred:
2025-10-08 17:10:02,BTCUSDm,0.1,123471.89,-157.98,[so -0.45%/-1.38/306.18]
2025-10-08 17:10:02,BTCUSDm,0.1,123471.89,-117.87,[so -0.50%/-1.38/275.70]
2025-10-08 17:10:02,BTCUSDm,0.1,123471.89,-111.53,[so -0.56%/-1.38/245.13]
2025-10-08 17:10:02,BTCUSDm,0.1,123471.89,-99.69,[so -0.64%/-1.38/214.54]
2025-10-08 17:10:02,BTCUSDm,0.1,123471.89,-96.95,[so -0.75%/-1.38/183.92]
2025-10-08 17:10:02,BTCUSDm,0.1,123471.89,-95.85,[so -0.90%/-1.38/153.30]
2025-10-08 17:10:02,BTCUSDm,0.1,123471.89,-95.34,[so -1.12%/-1.38/122.67]
2025-10-08 17:10:02,BTCUSDm,0.1,123471.89,-86.67,[so -1.50%/-1.38/92.04]
2025-10-08 17:10:02,BTCUSDm,0.1,123471.89,-79.96,[so -2.25%/-1.38/61.39]
2025-10-08 17:10:02,BTCUSDm,0.1,123471.89,-59.54,[so -4.49%/-1.38/30.72]
2025-10-08 17:10:02,,0.0,0.0,1.38,D-NULL
2025-10-08 17:15:03,,0.0,0.0,1000.0,D-trial-USD-334cc7f3f3b0
2025-10-08 17:15:29,BTCUSDm,0.1,123642.66,0.0,AI Trade | Pred:
2025-10-08 17:30:32,BTCUSDm,0.1,123990.95,0.0,AI Trade | Pred:
2025-10-08 17:45:35,BTCUSDm,0.1,123809.03,0.0,AI Trade | Pred:
2025-10-08 18:00:39,BTCUSDm,0.1,124070.39,0.0,AI Trade | Pred:
2025-10-08 18:15:42,BTCUSDm,0.1,123754.96,0.0,AI Trade | Pred:
2025-10-08 18:30:45,BTCUSDm,0.1,123611.59,0.0,AI Trade | Pred:
2025-10-08 18:45:48,BTCUSDm,0.1,123664.85,0.0,AI Trade | Pred:
2025-10-08 19:00:53,BTCUSDm,0.1,123386.77,0.0,AI Trade | Pred:
2025-10-08 19:08:53,BTCUSDm,0.1,123327.12,28.45,[tp 123327.12000]
2025-10-08 19:10:01,BTCUSDm,0.1,123397.24,24.55,
2025-10-08 19:10:05,BTCUSDm,0.1,123390.21,60.08,
2025-10-08 19:10:08,BTCUSDm,0.1,123364.07,44.49,
2025-10-08 19:10:12,BTCUSDm,0.1,123364.07,70.63,
2025-10-08 19:10:16,BTCUSDm,0.1,123351.52,40.35,
2025-10-08 19:10:19,BTCUSDm,0.1,123383.68000000001,28.12,
2025-10-08 19:16:06,BTCUSDm,0.1,123234.2,0.0,AI Trade | Pred:
2025-10-08 19:31:09,BTCUSDm,0.1,123750.19,0.0,AI Trade | Pred:
2025-10-08 19:45:18,BTCUSDm,0.1,123483.15000000001,26.7,
2025-10-08 19:46:14,BTCUSDm,0.1,123457.25,0.0,AI Trade | Pred:
2025-10-08 20:01:18,BTCUSDm,0.1,123440.58,0.0,AI Trade | Pred:
2025-10-08 20:16:22,BTCUSDm,0.1,123517.77,0.0,AI Trade | Pred:
2025-10-08 20:31:27,BTCUSDm,0.1,123541.26000000001,0.0,AI Trade | Pred:
2025-10-08 20:46:32,BTCUSDm,0.1,123354.13,0.0,AI Trade | Pred:
2025-10-08 21:01:36,BTCUSDm,0.1,123008.83,0.0,AI Trade | Pred:
2025-10-08 21:02:11,BTCUSDm,0.1,123140.94,24.59,
2025-10-08 21:02:14,BTCUSDm,0.1,123141.64,9.26,
2025-10-08 21:04:10,BTCUSDm,0.1,123154.34,30.3,
2025-10-08 21:04:15,BTCUSDm,0.1,123154.21,28.64,
2025-10-08 21:04:19,BTCUSDm,0.1,123147.43000000001,37.04,
2025-10-08 21:04:22,BTCUSDm,0.1,123147.43000000001,39.39,
2025-10-08 21:04:25,BTCUSDm,0.1,123114.2,23.99,
2025-10-08 21:16:51,BTCUSDm,0.1,123191.47,0.0,AI Trade | Pred:
2025-10-08 21:31:55,BTCUSDm,0.1,123290.58,0.0,AI Trade | Pred:
2025-10-09 00:33:04,BTCUSDm,0.1,122996.42,29.42,[tp 122996.42000]
2025-10-09 00:33:31,BTCUSDm,0.1,122928.49,26.3,[tp 122928.49000]
2025-10-09 01:00:02,BTCUSDm,0.1,122854.46,15.43,[tp 122854.46000]
2025-10-09 08:14:25,BTCUSDm,0.1,121808.83,0.0,AI Trade | Pred:
2025-10-09 08:21:06,BTCUSDm,0.1,121521.84,28.7,[tp 121521.84000]
2025-10-09 08:25:45,BTCUSDm,0.1,121446.37,0.0,
2025-10-09 08:29:30,BTCUSDm,0.1,121370.11,0.0,AI Trade | Pred:
2025-10-09 08:44:34,BTCUSDm,0.1,121393.52,0.0,AI Trade | Pred:
2025-10-09 08:52:23,BTCUSDm,0.1,121260.67,18.57,[tp 121260.67000]
2025-10-09 08:53:03,BTCUSDm,0.1,121181.06,18.9,[tp 121181.06000]
2025-10-09 08:59:40,BTCUSDm,0.1,121279.26000000001,0.0,AI Trade | Pred:
2025-10-09 09:14:42,BTCUSDm,0.1,121622.65000000001,0.0,AI Trade | Pred:
2025-10-09 09:29:46,BTCUSDm,0.1,121738.88,0.0,AI Trade | Pred:
2025-10-09 09:44:49,BTCUSDm,0.1,121711.90000000001,0.0,AI Trade | Pred:
2025-10-09 09:59:52,BTCUSDm,0.1,121825.68000000001,0.0,AI Trade | Pred:
2025-10-09 10:14:54,BTCUSDm,0.1,121901.39,0.0,AI Trade | Pred:
2025-10-09 10:29:58,BTCUSDm,0.1,121747.62,0.0,AI Trade | Pred:
2025-10-09 10:45:02,BTCUSDm,0.1,122232.76000000001,0.0,AI Trade | Pred:
2025-10-09 11:00:05,BTCUSDm,0.1,122224.15000000001,0.0,AI Trade | Pred:
